USE [master]
GO

/*******************************************************************************
   Drop database if it exists
********************************************************************************/
IF EXISTS (SELECT name FROM master.dbo.sysdatabases WHERE name = N'PRJ_ASS_2024')
BEGIN
	ALTER DATABASE PRJ_ASS_2024 SET OFFLINE WITH ROLLBACK IMMEDIATE;
	ALTER DATABASE PRJ_ASS_2024 SET ONLINE;
	DROP DATABASE PRJ_ASS_2024;
END

GO

CREATE DATABASE PRJ_ASS_2024
GO

USE PRJ_ASS_2024
GO

/*******************************************************************************
	Drop tables if exists
*******************************************************************************/
DECLARE @sql nvarchar(MAX) 
SET @sql = N'' 

SELECT @sql = @sql + N'ALTER TABLE ' + QUOTENAME(KCU1.TABLE_SCHEMA) 
    + N'.' + QUOTENAME(KCU1.TABLE_NAME) 
    + N' DROP CONSTRAINT ' -- + QUOTENAME(rc.CONSTRAINT_SCHEMA)  + N'.'  -- not in MS-SQL
    + QUOTENAME(rc.CONSTRAINT_NAME) + N'; ' + CHAR(13) + CHAR(10) 
FROM INFORMATION_SCHEMA.REFERENTIAL_CONSTRAINTS AS RC 

INNER JOIN INFORMATION_SCHEMA.KEY_COLUMN_USAGE AS KCU1 
    ON KCU1.CONSTRAINT_CATALOG = RC.CONSTRAINT_CATALOG  
    AND KCU1.CONSTRAINT_SCHEMA = RC.CONSTRAINT_SCHEMA 
    AND KCU1.CONSTRAINT_NAME = RC.CONSTRAINT_NAME 

EXECUTE(@sql) 

GO
DECLARE @sql2 NVARCHAR(max)=''

SELECT @sql2 += ' Drop table ' + QUOTENAME(TABLE_SCHEMA) + '.'+ QUOTENAME(TABLE_NAME) + '; '
FROM   INFORMATION_SCHEMA.TABLES
WHERE  TABLE_TYPE = 'BASE TABLE'

Exec Sp_executesql @sql2 
GO 

---------------------- Create tables ------------------
create table Category (
ID int primary key,
Label varchar(255),
Description varchar(255)
);
 
 create table Items(
 ID int primary key identity(1,1),
 Name nvarchar(255),
 Description varchar(255),
 Price float not null,
 Category_ID int,
 FOREIGN KEY (Category_ID) REFERENCES Category(ID),
 check(Price>=0)
 );
 
 create table Variants(
 Name nvarchar(255),
 Image image,
 Item_ID int references Items(ID),
 Stock_Amount int not null,
 check(Stock_Amount>=0),
 primary key(Name, Item_ID)
 );

 create table Roles(
 ID int primary key,
 Name nvarchar(255) not null,
 Description nvarchar(255)
 )

 create table Customers(
 ID int primary key identity(0,1),
 User_Name varchar(255) unique not null,
 Password varchar(255) NOT NULL,
 First_Name nvarchar(255),
 Last_Name nvarchar(255),
 Email varchar(255),
 Mobile_Phone varchar(255),
 Address nvarchar(255),
 Country nvarchar(255),
 Role_ID int references Roles(ID) default(0)
 );

 create table Status(
 ID int primary key,
 Label nvarchar(255) not null
 );

 create table Orders(
 ID int primary key identity(1,1),
 Customer_ID int references Customers(ID),
 Order_Date date not null,
 Required_Date date not null,
 Ship_Address nvarchar(255) not null,
 Status_ID int references Status(ID) default(0) not null,
 check (Order_Date<Required_Date)
 );

 create table Detail(
 Order_ID int references Orders (ID),
 Item_ID int references Items(ID),
 Unit_Prices float not null,
 Quantity int not null,
 check(Quantity>0)
 );
 
 create table Payments(
 ID int primary key,
 Amount float NOT NULL,
 Date date NOT NULL,
 Order_ID int,
 FOREIGN KEY (Order_ID) REFERENCES Orders(ID),
 check(Amount>0)
 );

 create table Cart(
 Customer_ID int references Customers(ID),
 Item_ID int,
 Variant_Name nvarchar(255),
 Quantity int,
 Foreign key (Variant_Name, Item_ID) references Variants(Name, Item_ID)
 )


 --------------------------------- insert data -----------------------------
 -- Inserting data into Category table
INSERT INTO Category (ID, Label, Description)
VALUES
    (1, 'Electronics', 'Electronics category'),
    (2, 'Clothing', 'Clothing category'),
    (3, 'Home', 'Home category'),
    (4, 'Beauty', 'Beauty category');

-- Inserting data into Items table
INSERT INTO Items (Name, Description, Price, Category_ID)
VALUES
    ('Iphone', 'Smartphone from Apple', 500, 1),
    ('Laptop', 'Demo', 1000, 1),
    ('T-Shirt', 'Demo', 20, 2),
    ('Jeans', 'Demo', 50, 2),
    ('Sofa', 'Demo', 800, 3),
    ('Bed Frame', 'Demo', 600, 3),
    ('Lipstick', 'Demo', 15, 4),
    ('Shampoo', 'Demo', 10, 4);

	-- Inserting data into Variants table
INSERT INTO Variants (Name, Image, Stock_Amount, Item_ID)
VALUES
    ('Black', 'iVBORw0KGgoAAAANSUhEUgAAAWMAAAFGCAYAAAC/o/5kAAAACXBIWXMAAAsTAAALEwEAmpwYAAAF8WlUWHRYTUw6Y29tLmFkb2JlLnhtcAAAAAAAPD94cGFja2V0IGJlZ2luPSLvu78iIGlkPSJXNU0wTXBDZWhpSHpyZVN6TlRjemtjOWQiPz4gPHg6eG1wbWV0YSB4bWxuczp4PSJhZG9iZTpuczptZXRhLyIgeDp4bXB0az0iQWRvYmUgWE1QIENvcmUgNi4wLWMwMDIgNzkuMTY0NDg4LCAyMDIwLzA3LzEwLTIyOjA2OjUzICAgICAgICAiPiA8cmRmOlJERiB4bWxuczpyZGY9Imh0dHA6Ly93d3cudzMub3JnLzE5OTkvMDIvMjItcmRmLXN5bnRheC1ucyMiPiA8cmRmOkRlc2NyaXB0aW9uIHJkZjphYm91dD0iIiB4bWxuczp4bXA9Imh0dHA6Ly9ucy5hZG9iZS5jb20veGFwLzEuMC8iIHhtbG5zOmRjPSJodHRwOi8vcHVybC5vcmcvZGMvZWxlbWVudHMvMS4xLyIgeG1sbnM6cGhvdG9zaG9wPSJodHRwOi8vbnMuYWRvYmUuY29tL3Bob3Rvc2hvcC8xLjAvIiB4bWxuczp4bXBNTT0iaHR0cDovL25zLmFkb2JlLmNvbS94YXAvMS4wL21tLyIgeG1sbnM6c3RFdnQ9Imh0dHA6Ly9ucy5hZG9iZS5jb20veGFwLzEuMC9zVHlwZS9SZXNvdXJjZUV2ZW50IyIgeG1wOkNyZWF0b3JUb29sPSJBZG9iZSBQaG90b3Nob3AgMjIuMCAoV2luZG93cykiIHhtcDpDcmVhdGVEYXRlPSIyMDIzLTA0LTEwVDE2OjMzOjU3KzA3OjAwIiB4bXA6TW9kaWZ5RGF0ZT0iMjAyMy0wNC0xMFQxNjozODo0NiswNzowMCIgeG1wOk1ldGFkYXRhRGF0ZT0iMjAyMy0wNC0xMFQxNjozODo0NiswNzowMCIgZGM6Zm9ybWF0PSJpbWFnZS9wbmciIHBob3Rvc2hvcDpDb2xvck1vZGU9IjMiIHBob3Rvc2hvcDpJQ0NQcm9maWxlPSJzUkdCIElFQzYxOTY2LTIuMSIgeG1wTU06SW5zdGFuY2VJRD0ieG1wLmlpZDo2ZDc3YjQxOC00NTViLWVjNGEtYmIyMi03NzcxNzk5MmZjOGEiIHhtcE1NOkRvY3VtZW50SUQ9ImFkb2JlOmRvY2lkOnBob3Rvc2hvcDo3ZTNmYzk4OC1kMDZkLTcyNDItOWM3ZS1jOGFjOGQ3NTJkYjAiIHhtcE1NOk9yaWdpbmFsRG9jdW1lbnRJRD0ieG1wLmRpZDo5MDc3MmE2Yi0zMzc2LWM1NGYtOGMwMy0xMWZjMWZmY2M5OTkiPiA8eG1wTU06SGlzdG9yeT4gPHJkZjpTZXE+IDxyZGY6bGkgc3RFdnQ6YWN0aW9uPSJjcmVhdGVkIiBzdEV2dDppbnN0YW5jZUlEPSJ4bXAuaWlkOjkwNzcyYTZiLTMzNzYtYzU0Zi04YzAzLTExZmMxZmZjYzk5OSIgc3RFdnQ6d2hlbj0iMjAyMy0wNC0xMFQxNjozMzo1NyswNzowMCIgc3RFdnQ6c29mdHdhcmVBZ2VudD0iQWRvYmUgUGhvdG9zaG9wIDIyLjAgKFdpbmRvd3MpIi8+IDxyZGY6bGkgc3RFdnQ6YWN0aW9uPSJzYXZlZCIgc3RFdnQ6aW5zdGFuY2VJRD0ieG1wLmlpZDo2ZDc3YjQxOC00NTViLWVjNGEtYmIyMi03NzcxNzk5MmZjOGEiIHN0RXZ0OndoZW49IjIwMjMtMDQtMTBUMTY6Mzg6NDYrMDc6MDAiIHN0RXZ0OnNvZnR3YXJlQWdlbnQ9IkFkb2JlIFBob3Rvc2hvcCAyMi4wIChXaW5kb3dzKSIgc3RFdnQ6Y2hhbmdlZD0iLyIvPiA8L3JkZjpTZXE+IDwveG1wTU06SGlzdG9yeT4gPC9yZGY6RGVzY3JpcHRpb24+IDwvcmRmOlJERj4gPC94OnhtcG1ldGE+IDw/eHBhY2tldCBlbmQ9InIiPz5jA+VAAAATUElEQVR4nO3dS4xc5ZmH8f93TnV3VXf1zdVqwGAPdoSCZS6yFMssBoUJihNxiUBZkCyQImWErMwCE2WkSZREGgkEAxs0QkEDsyKzCFIUZmEnKANhA4qlbCJhiK2JHM/gS2Fs2t0ud5+6frMwaFCwq05Vn1PnrTrPT2LFV1+92OZx9alzcd57AQCyFWQ9AACAGAOACcQYAAwgxgBgADEGAAOIMQAYQIwBwABiDAAGEGMAMIAYA4ABxBgADCDGAGAAMQYAA4gxABhAjAHAAGIMAAYQYwAwgBgDgAHEGAAMIMYAYAAxBgADiDEAGFDIeoAsOOdirfPeXy/pT5LCVAfCMBxxzu3Pegikz3uf9QgDyWWM+xBKWsh6CCRiKesBgG44TNFd24/qX7P4a/WsBwC6IcYAYAAxBgADiDEAGECMAcAAYgwABhDjLpxz1axnAJAPuTzP2Hu/O+bS5X7ObFtdXdXFixdVKOTyl3VovPdaXl7W5ORkPy9rpTUPkIRcVsN7/66LeRle3Kv1JOnw4cP6+c9/ruuuu27g2dBdu91Wo9HQ008/rZ07d/bz0plPrqiMo+6cWxlgPGBguYyxc64maTat/cOQq6fTFAQDHV3b470/E2ehc+6wpAcHeRNgULmMcZoKhQIxTpFzTu12e6Bf47g/DUma6ntzYJP4Ag/4vEbWAyB/iDEAGECMAcAAYgwABhBjADCAGAOAAcQYAAwgxgmamuL01GHw3qtcLmc9BpAoLvrownvvP/roo9jXQ9dqNe5LMQTOOZ06dUrtdjv2a5rNprZs2aJSqZTiZMDgXE4f8bamGJdDr66u6gc/+IGiKIp1U5ogCPq6lwUG1+l0+noK8Llz5/TjH/9Y+/bti7P8sHPugYGHQ6ZGtWkcpujBex/7N9d7T4yHZFT/hwOuhZ+peygUCn3db4JIDEe/96YoFAqD3mAIGAr+dAKAAcQYAAzgMAUSEwSBoihSq9X/QzWKxaLCMOQwD3KLGCMxrVZLxWJRxWKx79dGUaR2u80XoMgtYozEfPjhh/rud7+r++67r+/XPvPMM3r33Xe1uLiYwmSAfcQYiZqamur3QaGSeFQVwBd4SNQgx4sl9XU1HTCOiDEAGECMAcAAYgwABhBjADCAGAOAAcQYAAwgxgBgADEGAAOIMQAYQIyRmFarNfCDQsMw5Co85Br3pkBiyuWyjh8/runp6b5fe+nSpYFeB4wLYozEVCoVvf3223r99dcHem25XFan00lhMsA+YozEdDodTU9PD/wJlxAjzzhmDAAGEGMAMIAYA4ABxBgADCDGAGAAMQYAA4gxABhAjAHAAGIMAAYQYwAwgBgDgAHEGAAMIMYAYAAxBgADiDEAGECMAcAAYgwABhBjADCAGAOAAcQYAAwgxgBgADEGAAOIMQAYQIwBwABiDAAGEGMAMIAYA4ABxBgADCDGAGAAMQYAA4gxABhAjAHAAGIMAAYQYwAwgBgDgAHEGAAMKGQ9gGWdTkfValX1el2Fwvj+Ui0sLGhmZkadTifrUYDcGt/CJKBYLOrb3/622u22wjDMepzUHD16VH/5y180PT2d9ShAbhHjLkqlkh555JGsxxiKP/7xj8QYyBDHjKEoisb6kz8wCogxABhAjAHAAGIMAAYQYwAwgBgDgAHEGAAMyGuMZ7MewJJisah2u531GECu5fWij5NKOMje+y3OOddr3enTp/XGG2+oWCwm+fabcvToUS0sLGQ9BpBreY3xrqQ3dM79h6Rv9lp35swZvfDCC7r++uuTHmFg3JsCyF4uY+yci5Le03t/Oc66yclJ3XzzzVpcXEx6hE0hxEC28nrMOA1TWQ8AYHQRY+DzEv/JCegll4cpgB7mvPc7eqy56JxbGco0I8B7f72kUtZzSNqQVM16iEEQY+DzvirpRI81P5L09BBmGRX/Lun+rIeQ9Laku7MeYhAcpgCQhMmsB/jEyH7AJMYAklDPeoBPtLIeYFDEGAAMIMYAYMDIHl8ZZbVazdTl0L0Ui0UFQSDvfdajAGOLGA/Z5OSklpaWzF2B1029Xlen01GMW28AGBAxHrJbb73Vv/TSSyNTtUajoZ/85CdaWVlRqWThNFJgPBHjIXPOuVGKWqlU4hAFMAR8gYeuGo1G1iMkwnuvcrmc9RjANfHJGLkwMTGhkydPanb26rexbjQaqlQqmp+fj7tlrLv04fPOnTunjY0NhWHYc2273VapVNLy8vIQJssWMUYubNmyRb/85S/16quvXvXff/jhh/rOd76jRx55JO6W13vvb9zkWKvOudom9xg5L7/8so4cOaJKpdJz7YULF7R371799Kc/HcJk2SLGyAXvvZxzKhSu/Ue+27+7ih967/9pMzM55w5K+tfN7DGqCoVCrF/viYmJIUxjAzFGbgTBtb8iKRQKsX5s/qw4j9nqwcr9HIbq0xB3+/34VBiGff++jCq+wAOyMx7fjiIRxBgADCDGydnslzkAcoxjxsn5Z0k7U9j3i5K+n8K+AAwhxglxzr2Rxr7e+1tEjIGxx2EK+/4m6wEApI8YA4ABxBiQ1Gq1cnWBAezhmDGgKzfQX11d1blz5wbeo9FoaHZ2tp/7W5wZ+M3s4V4dm0SMAUnLy8v63e9+pzfffHPgPc6cOaPvfe97evDBB+O+5HHv/d8N/IbSKefc05t4fVfe+0cl3RVz+b605sgLYgxk528/+WdQlySlFmNJj0r6aor74zOIMbqamJjwkkbmySSD8t7HuldCN3Hvt5CgP6e8/9mU98dnEOMx8vzzz3e9Z++AXBRFI/UAVWAUEeMxcvLkSR0/fjzRJ1oEQaC5uTmFYcijl4AUEeMxMjs7q7m5uX6+zY+NEAPp4jxjADCAGAOAAcQYwLXk7vl8WeKYMZCQVqul6enpYb7lovf+oRT3vyONTcMwVLvdTmPrkUaMgYSUSiWdPXtWJ06cGHiPyclJ3XTTTXGX3yzptYHfLEHnzp1TrRbvg/T6+jr3AbkKYgwkZHl5Wb/97W/161//eqDXr66u6gtf+IKef/75ZAcbgldeeUVvvvmmKpVKz7XFYlELCwucofNXiDGQkE6no4mJiViPoL+aer0+shfXFItFTU1NxZo/CAJCfBXEGEiQc07ODXb1+JAvpU5cEAQj/9+QJWKcU0EQKIoira2t9VxbqVT4NAOkjBjnVBRFWlpa0pe+9KWu61qtlo4dO6Zms6kwDIc0HZA/xDinLl68qLvuuksHDhzoufbgwYOq1WrDPm0LyBUO8ORUEARqtVo91zUajSFMA4AYA4ABxBgw4tNT40bR5OSkOp1O1mOMNI4ZA0YUi0VtbGzonXfeibW+0Who9+7dWl5eTnyW1dVVHT16NPb6arWqUqmU+Bx5QowBI2ZmZrSysqLnnnsu1vrTp0/rqaee0v79+xOf5cKFC3ryySdVKBRinUWzsLCg+fl5Ph1vAjEGjOh0OgrDMPYn3Xa7rZmZmVRmCcNQS0tLmpqain0hByHeHI4ZA4ABxBgADOAwxZjpdDqxflzkR0rAFmI8RjY2NhRFkaampnqurdfriqJoCFMBiIMYj5GDBw/2dcVcuVxOcRoA/SDGY6SPJ0QAMIYv8ADAAGIMAAYQYwAwgBgDgAHEGBhRrVYrtTNi5ubmeMzWkHE2BTCilpaWdOjQIf3+979PfO9araapqamBH66K/hFjYETNzMzo6NGjqVy8UygUtGXLFj4dDxExto8rM3BVnU5Hs7Ozmp2dTWV/QjxcxNi+9yT9LIV9H5WUzv/FAPpGjI1zzv23pH9Iel/v/X0ixoAZnE2RQ977UNJk1nMA+H/EGAAMIMYAYAAxBgADiDEAGECMAcAATm1DV+12W+fPn9epU6e0sLAQ6zWlUknz8/M8Zw/oAzFGV8Vi0T/++OOu0WioUIj3x+XYsWM6dOiQFhcXU54OGB/EGF0559zevXv7ek0QBPrFL35BjIE+cMwYiavVarE/RQO4ghgDgAHEGAAMIMYAYAAxBgADiDEAGECMAcAAzj8CMFRBEKjZbGplZaXn2o8//jjWunFAjPNra9YDIJ+azaZmZmZ0++2391x7+fJl7dixYwhTZY8Y55Bzru29/6qkqT5e9hVJ309pJOTI2tqatm7dqoMHD2Y9iinEOKecc2/0s957XxcxRgKCgK+qroZfFcR1Q9YDAOOMGAOAAcQYAAwgxgBgADEGAAOIMQAYQIwBwADOMwaQCO99rHUpP6j2pjQ3TxMxRuKiKFK1WlWxWOy5dmpqSuVymSdJj7ggCBRFkVqtVs+1tVpNGxsb/Wz/tqTTMdce72djS4gxErd161bde++9Wlpa6rn2/PnzqlarmpycHMJkSMuFCxf0rW99S3v27Om5tl6va3p6up/tDzjn3ou7OO4ndGuIMRJ355136s4774y19q233tKzzz6rbdu2pTwV0lSr1bR9+3bt3Lkzje1vkBQ7xqOKL/CQqSiKeJL0GCgUCmo0GlmPMdKIMQAYQIwBwABiDAAGEGMAMIAYA4ABxBgADCDGAGAAJ3giU+vr66pWq5qYmOi6LgxDLS4uyjk3sldYjZIgCLS6uqp6vR5rfbVa1eXLl1OearwRY8R1SNJtfa6/udei7du366GHHtL8/HzXda1WS++//77a7TYPtByCKIp022239fx9+dTq6mq/V1H+o6TfxFz7P/1sPKpcHj9lOOeyHmHsee//JOnWBPfzBw4ccPV6nftYDMHZs2f15JNPxr6sfQBfcc69lcbGo9o0PmJgJFy8eJG/QYcoDENFUZTmW1TS3HwUEWMAMIAYA4ABxBgADCDGAGAAMQYAA4gxABhAjAHAAGKMVHjvv5j1DDCtlPUA1nA5NFLhnHtG0o0xlt4uqfcjhWHdf0k628f6P6c1yKgixkiFc+5HcdZ57x+T9G8pj4P0PeGcG/snOKeJGCNrXBY7JEEQaGVlRevr6z3XVqvVWOs+42ZJxHgTiDGQEysrK7r33nu1e/funmsvX74cax2SQ4yBnFhbW9OePXu0d+/erEfBVXA2BZAThUJBtVot6zFwDcQYAAwgxgBgADEGAAOIMQAYQIwBwABObQN05YKIWq0W63Hz5XJZMzMz6nQ6Q5js6oIgULPZ1Mcffxz7NQNcyIEhIsaArlzksGPHjliPmz9x4oROnz6tUim7e91EUaSFhQXt27cv9mtWVla0c+fOtEbixj+bRIwBSefPn9ejjz6q/fv391z76quv6r333ss0xmtra7rlllv02GOPpfk2xySdj7n2dJqD5AExBnTlgoi4P8JHUaQwDFOeqLswDNVut9N+mx865/4z7TfBFXyBB+BaZrMeIE+IMQAYQIwBwABiDAAGEGMAMIAYA4ABxBgADOA8Y4w1732sy5ZbrVZf5+222+3Y64MgkHMu9t6GcFXdEBFjjC3nnDqdTioXR/QTb+ecgiCQ9z7xOfpwRtJv+nzNu2kMgqsjxhhbH330kb7+9a/r/vvv77m21WppYWEh1r7f+MY3dM8996hQiPe/z+HDh/X6669raWkp1vqUvOec+/ssB0B3xBhja2NjQ5VKRTfeeGOi+y4uLmpxcTH2+kqloo2NjURnGACHHIzjCzyMrUKhoHq9nvUYqtfrsT9FI7+IMQAYQIwBwABiDAAGEGMAMIAYA4ABxBgADCDGAGAAJz8iaxeyHmBY4twjIwj4fJRXxBip8N5vl/TlGEt7P455eH4m6V9irp2V9LakhV4Lm82mLl261PNy6zAMNTk5GfPtMW6IMdLyZUmvZD1En0455/437mLvfaw7BT3wwAO6++67ez5Rulqt6sUXX1ShUOATcg4RY6Ql85sxDCD205C992VJ3ev6iUqlokql0nNduVxWq9Xi0umc4q9fwIharTaq9z1GAogxABhAjAHAAGIMAAYQYwAwgBgDgAHEGCOhn8ccjSpOacs3fveRqRMnTujIkSOane1+iu/6+rq89z0vnLDIe++bzWbPc9YsPCIK2SHGyNQf/vAHPfvss9q2bVvXdWEYanl5WYVCIetH3vftV7/6lXvttddiPR26WCxyrnFOEWNkam5uTtu2bdMNN9wQa/2ohVi6cjHHqVOneq5zzml6enok/xuxecQYSNnExIRmZ2c1PT3dcy0hzi++wAMAA4gxABhAjAHAAGIMAAYQYwAwgBgDgAHEGAAM4DxjZGptbU0ffPBBKnt/8MEHWltbS2XvfjSbTbVaLTUajcT2jKJIzWYzsf2QPWKMTN1xxx164oknND8/n/je6+vr2r17d+L79mtiYkLFYlHFYjGxPaenpxPdD9kjxsjUrl27tGvXrqzHSNXDDz+sr33ta4nela3T6fAE6TFDjIGUlUollUqlrMeAcfzVCgAGEGMAMIAYA4ABxBgADCDGAGAAMQYAA4gxABhAjJGWUTyxdqrP9QtpDJGSnVkPgO646ANpufTJP6Ok1sfalqTHNTp/6ZzJegB053gAIgBkj8MUAGAAMQYAA4gxABhAjAHAAGIMAAYQYwAwgBgDgAHEGAAMIMYAYAAxBgADiDEAGECMAcAAYgwABhBjADCAGAOAAcQYAAwgxgBgADEGAAOIMQAYQIwBwABiDAAGEGMAMOD/AKaTWGQwyKlQAAAAAElFTkSuQmCC', 500, 1),
	('Blue', 'iVBORw0KGgoAAAANSUhEUgAAAWMAAAFGCAYAAAC/o/5kAAAACXBIWXMAAAsTAAALEwEAmpwYAAAF8WlUWHRYTUw6Y29tLmFkb2JlLnhtcAAAAAAAPD94cGFja2V0IGJlZ2luPSLvu78iIGlkPSJXNU0wTXBDZWhpSHpyZVN6TlRjemtjOWQiPz4gPHg6eG1wbWV0YSB4bWxuczp4PSJhZG9iZTpuczptZXRhLyIgeDp4bXB0az0iQWRvYmUgWE1QIENvcmUgNi4wLWMwMDIgNzkuMTY0NDg4LCAyMDIwLzA3LzEwLTIyOjA2OjUzICAgICAgICAiPiA8cmRmOlJERiB4bWxuczpyZGY9Imh0dHA6Ly93d3cudzMub3JnLzE5OTkvMDIvMjItcmRmLXN5bnRheC1ucyMiPiA8cmRmOkRlc2NyaXB0aW9uIHJkZjphYm91dD0iIiB4bWxuczp4bXA9Imh0dHA6Ly9ucy5hZG9iZS5jb20veGFwLzEuMC8iIHhtbG5zOmRjPSJodHRwOi8vcHVybC5vcmcvZGMvZWxlbWVudHMvMS4xLyIgeG1sbnM6cGhvdG9zaG9wPSJodHRwOi8vbnMuYWRvYmUuY29tL3Bob3Rvc2hvcC8xLjAvIiB4bWxuczp4bXBNTT0iaHR0cDovL25zLmFkb2JlLmNvbS94YXAvMS4wL21tLyIgeG1sbnM6c3RFdnQ9Imh0dHA6Ly9ucy5hZG9iZS5jb20veGFwLzEuMC9zVHlwZS9SZXNvdXJjZUV2ZW50IyIgeG1wOkNyZWF0b3JUb29sPSJBZG9iZSBQaG90b3Nob3AgMjIuMCAoV2luZG93cykiIHhtcDpDcmVhdGVEYXRlPSIyMDIzLTA0LTEwVDE2OjMzOjU3KzA3OjAwIiB4bXA6TW9kaWZ5RGF0ZT0iMjAyMy0wNC0xMFQxNjozODo0NiswNzowMCIgeG1wOk1ldGFkYXRhRGF0ZT0iMjAyMy0wNC0xMFQxNjozODo0NiswNzowMCIgZGM6Zm9ybWF0PSJpbWFnZS9wbmciIHBob3Rvc2hvcDpDb2xvck1vZGU9IjMiIHBob3Rvc2hvcDpJQ0NQcm9maWxlPSJzUkdCIElFQzYxOTY2LTIuMSIgeG1wTU06SW5zdGFuY2VJRD0ieG1wLmlpZDo2ZDc3YjQxOC00NTViLWVjNGEtYmIyMi03NzcxNzk5MmZjOGEiIHhtcE1NOkRvY3VtZW50SUQ9ImFkb2JlOmRvY2lkOnBob3Rvc2hvcDo3ZTNmYzk4OC1kMDZkLTcyNDItOWM3ZS1jOGFjOGQ3NTJkYjAiIHhtcE1NOk9yaWdpbmFsRG9jdW1lbnRJRD0ieG1wLmRpZDo5MDc3MmE2Yi0zMzc2LWM1NGYtOGMwMy0xMWZjMWZmY2M5OTkiPiA8eG1wTU06SGlzdG9yeT4gPHJkZjpTZXE+IDxyZGY6bGkgc3RFdnQ6YWN0aW9uPSJjcmVhdGVkIiBzdEV2dDppbnN0YW5jZUlEPSJ4bXAuaWlkOjkwNzcyYTZiLTMzNzYtYzU0Zi04YzAzLTExZmMxZmZjYzk5OSIgc3RFdnQ6d2hlbj0iMjAyMy0wNC0xMFQxNjozMzo1NyswNzowMCIgc3RFdnQ6c29mdHdhcmVBZ2VudD0iQWRvYmUgUGhvdG9zaG9wIDIyLjAgKFdpbmRvd3MpIi8+IDxyZGY6bGkgc3RFdnQ6YWN0aW9uPSJzYXZlZCIgc3RFdnQ6aW5zdGFuY2VJRD0ieG1wLmlpZDo2ZDc3YjQxOC00NTViLWVjNGEtYmIyMi03NzcxNzk5MmZjOGEiIHN0RXZ0OndoZW49IjIwMjMtMDQtMTBUMTY6Mzg6NDYrMDc6MDAiIHN0RXZ0OnNvZnR3YXJlQWdlbnQ9IkFkb2JlIFBob3Rvc2hvcCAyMi4wIChXaW5kb3dzKSIgc3RFdnQ6Y2hhbmdlZD0iLyIvPiA8L3JkZjpTZXE+IDwveG1wTU06SGlzdG9yeT4gPC9yZGY6RGVzY3JpcHRpb24+IDwvcmRmOlJERj4gPC94OnhtcG1ldGE+IDw/eHBhY2tldCBlbmQ9InIiPz5jA+VAAAATUElEQVR4nO3dS4xc5ZmH8f93TnV3VXf1zdVqwGAPdoSCZS6yFMssBoUJihNxiUBZkCyQImWErMwCE2WkSZREGgkEAxs0QkEDsyKzCFIUZmEnKANhA4qlbCJhiK2JHM/gS2Fs2t0ud5+6frMwaFCwq05Vn1PnrTrPT2LFV1+92OZx9alzcd57AQCyFWQ9AACAGAOACcQYAAwgxgBgADEGAAOIMQAYQIwBwABiDAAGEGMAMIAYA4ABxBgADCDGAGAAMQYAA4gxABhAjAHAAGIMAAYQYwAwgBgDgAHEGAAMIMYAYAAxBgADiDEAGFDIeoAsOOdirfPeXy/pT5LCVAfCMBxxzu3Pegikz3uf9QgDyWWM+xBKWsh6CCRiKesBgG44TNFd24/qX7P4a/WsBwC6IcYAYAAxBgADiDEAGECMAcAAYgwABhDjLpxz1axnAJAPuTzP2Hu/O+bS5X7ObFtdXdXFixdVKOTyl3VovPdaXl7W5ORkPy9rpTUPkIRcVsN7/66LeRle3Kv1JOnw4cP6+c9/ruuuu27g2dBdu91Wo9HQ008/rZ07d/bz0plPrqiMo+6cWxlgPGBguYyxc64maTat/cOQq6fTFAQDHV3b470/E2ehc+6wpAcHeRNgULmMcZoKhQIxTpFzTu12e6Bf47g/DUma6ntzYJP4Ag/4vEbWAyB/iDEAGECMAcAAYgwABhBjADCAGAOAAcQYAAwgxgmamuL01GHw3qtcLmc9BpAoLvrownvvP/roo9jXQ9dqNe5LMQTOOZ06dUrtdjv2a5rNprZs2aJSqZTiZMDgXE4f8bamGJdDr66u6gc/+IGiKIp1U5ogCPq6lwUG1+l0+noK8Llz5/TjH/9Y+/bti7P8sHPugYGHQ6ZGtWkcpujBex/7N9d7T4yHZFT/hwOuhZ+peygUCn3db4JIDEe/96YoFAqD3mAIGAr+dAKAAcQYAAzgMAUSEwSBoihSq9X/QzWKxaLCMOQwD3KLGCMxrVZLxWJRxWKx79dGUaR2u80XoMgtYozEfPjhh/rud7+r++67r+/XPvPMM3r33Xe1uLiYwmSAfcQYiZqamur3QaGSeFQVwBd4SNQgx4sl9XU1HTCOiDEAGECMAcAAYgwABhBjADCAGAOAAcQYAAwgxgBgADEGAAOIMQAYQIyRmFarNfCDQsMw5Co85Br3pkBiyuWyjh8/runp6b5fe+nSpYFeB4wLYozEVCoVvf3223r99dcHem25XFan00lhMsA+YozEdDodTU9PD/wJlxAjzzhmDAAGEGMAMIAYA4ABxBgADCDGAGAAMQYAA4gxABhAjAHAAGIMAAYQYwAwgBgDgAHEGAAMIMYAYAAxBgADiDEAGECMAcAAYgwABhBjADCAGAOAAcQYAAwgxgBgADEGAAOIMQAYQIwBwABiDAAGEGMAMIAYA4ABxBgADCDGAGAAMQYAA4gxABhAjAHAAGIMAAYQYwAwgBgDgAHEGAAMKGQ9gGWdTkfValX1el2Fwvj+Ui0sLGhmZkadTifrUYDcGt/CJKBYLOrb3/622u22wjDMepzUHD16VH/5y180PT2d9ShAbhHjLkqlkh555JGsxxiKP/7xj8QYyBDHjKEoisb6kz8wCogxABhAjAHAAGIMAAYQYwAwgBgDgAHEGAAMyGuMZ7MewJJisah2u531GECu5fWij5NKOMje+y3OOddr3enTp/XGG2+oWCwm+fabcvToUS0sLGQ9BpBreY3xrqQ3dM79h6Rv9lp35swZvfDCC7r++uuTHmFg3JsCyF4uY+yci5Le03t/Oc66yclJ3XzzzVpcXEx6hE0hxEC28nrMOA1TWQ8AYHQRY+DzEv/JCegll4cpgB7mvPc7eqy56JxbGco0I8B7f72kUtZzSNqQVM16iEEQY+DzvirpRI81P5L09BBmGRX/Lun+rIeQ9Laku7MeYhAcpgCQhMmsB/jEyH7AJMYAklDPeoBPtLIeYFDEGAAMIMYAYMDIHl8ZZbVazdTl0L0Ui0UFQSDvfdajAGOLGA/Z5OSklpaWzF2B1029Xlen01GMW28AGBAxHrJbb73Vv/TSSyNTtUajoZ/85CdaWVlRqWThNFJgPBHjIXPOuVGKWqlU4hAFMAR8gYeuGo1G1iMkwnuvcrmc9RjANfHJGLkwMTGhkydPanb26rexbjQaqlQqmp+fj7tlrLv04fPOnTunjY0NhWHYc2273VapVNLy8vIQJssWMUYubNmyRb/85S/16quvXvXff/jhh/rOd76jRx55JO6W13vvb9zkWKvOudom9xg5L7/8so4cOaJKpdJz7YULF7R371799Kc/HcJk2SLGyAXvvZxzKhSu/Ue+27+7ih967/9pMzM55w5K+tfN7DGqCoVCrF/viYmJIUxjAzFGbgTBtb8iKRQKsX5s/qw4j9nqwcr9HIbq0xB3+/34VBiGff++jCq+wAOyMx7fjiIRxBgADCDGydnslzkAcoxjxsn5Z0k7U9j3i5K+n8K+AAwhxglxzr2Rxr7e+1tEjIGxx2EK+/4m6wEApI8YA4ABxBiQ1Gq1cnWBAezhmDGgKzfQX11d1blz5wbeo9FoaHZ2tp/7W5wZ+M3s4V4dm0SMAUnLy8v63e9+pzfffHPgPc6cOaPvfe97evDBB+O+5HHv/d8N/IbSKefc05t4fVfe+0cl3RVz+b605sgLYgxk528/+WdQlySlFmNJj0r6aor74zOIMbqamJjwkkbmySSD8t7HuldCN3Hvt5CgP6e8/9mU98dnEOMx8vzzz3e9Z++AXBRFI/UAVWAUEeMxcvLkSR0/fjzRJ1oEQaC5uTmFYcijl4AUEeMxMjs7q7m5uX6+zY+NEAPp4jxjADCAGAOAAcQYwLXk7vl8WeKYMZCQVqul6enpYb7lovf+oRT3vyONTcMwVLvdTmPrkUaMgYSUSiWdPXtWJ06cGHiPyclJ3XTTTXGX3yzptYHfLEHnzp1TrRbvg/T6+jr3AbkKYgwkZHl5Wb/97W/161//eqDXr66u6gtf+IKef/75ZAcbgldeeUVvvvmmKpVKz7XFYlELCwucofNXiDGQkE6no4mJiViPoL+aer0+shfXFItFTU1NxZo/CAJCfBXEGEiQc07ODXb1+JAvpU5cEAQj/9+QJWKcU0EQKIoira2t9VxbqVT4NAOkjBjnVBRFWlpa0pe+9KWu61qtlo4dO6Zms6kwDIc0HZA/xDinLl68qLvuuksHDhzoufbgwYOq1WrDPm0LyBUO8ORUEARqtVo91zUajSFMA4AYA4ABxBgw4tNT40bR5OSkOp1O1mOMNI4ZA0YUi0VtbGzonXfeibW+0Who9+7dWl5eTnyW1dVVHT16NPb6arWqUqmU+Bx5QowBI2ZmZrSysqLnnnsu1vrTp0/rqaee0v79+xOf5cKFC3ryySdVKBRinUWzsLCg+fl5Ph1vAjEGjOh0OgrDMPYn3Xa7rZmZmVRmCcNQS0tLmpqain0hByHeHI4ZA4ABxBgADOAwxZjpdDqxflzkR0rAFmI8RjY2NhRFkaampnqurdfriqJoCFMBiIMYj5GDBw/2dcVcuVxOcRoA/SDGY6SPJ0QAMIYv8ADAAGIMAAYQYwAwgBgDgAHEGBhRrVYrtTNi5ubmeMzWkHE2BTCilpaWdOjQIf3+979PfO9araapqamBH66K/hFjYETNzMzo6NGjqVy8UygUtGXLFj4dDxExto8rM3BVnU5Hs7Ozmp2dTWV/QjxcxNi+9yT9LIV9H5WUzv/FAPpGjI1zzv23pH9Iel/v/X0ixoAZnE2RQ977UNJk1nMA+H/EGAAMIMYAYAAxBgADiDEAGECMAcAATm1DV+12W+fPn9epU6e0sLAQ6zWlUknz8/M8Zw/oAzFGV8Vi0T/++OOu0WioUIj3x+XYsWM6dOiQFhcXU54OGB/EGF0559zevXv7ek0QBPrFL35BjIE+cMwYiavVarE/RQO4ghgDgAHEGAAMIMYAYAAxBgADiDEAGECMAcAAzj8CMFRBEKjZbGplZaXn2o8//jjWunFAjPNra9YDIJ+azaZmZmZ0++2391x7+fJl7dixYwhTZY8Y55Bzru29/6qkqT5e9hVJ309pJOTI2tqatm7dqoMHD2Y9iinEOKecc2/0s957XxcxRgKCgK+qroZfFcR1Q9YDAOOMGAOAAcQYAAwgxgBgADEGAAOIMQAYQIwBwADOMwaQCO99rHUpP6j2pjQ3TxMxRuKiKFK1WlWxWOy5dmpqSuVymSdJj7ggCBRFkVqtVs+1tVpNGxsb/Wz/tqTTMdce72djS4gxErd161bde++9Wlpa6rn2/PnzqlarmpycHMJkSMuFCxf0rW99S3v27Om5tl6va3p6up/tDzjn3ou7OO4ndGuIMRJ355136s4774y19q233tKzzz6rbdu2pTwV0lSr1bR9+3bt3Lkzje1vkBQ7xqOKL/CQqSiKeJL0GCgUCmo0GlmPMdKIMQAYQIwBwABiDAAGEGMAMIAYA4ABxBgADCDGAGAAJ3giU+vr66pWq5qYmOi6LgxDLS4uyjk3sldYjZIgCLS6uqp6vR5rfbVa1eXLl1OearwRY8R1SNJtfa6/udei7du366GHHtL8/HzXda1WS++//77a7TYPtByCKIp022239fx9+dTq6mq/V1H+o6TfxFz7P/1sPKpcHj9lOOeyHmHsee//JOnWBPfzBw4ccPV6nftYDMHZs2f15JNPxr6sfQBfcc69lcbGo9o0PmJgJFy8eJG/QYcoDENFUZTmW1TS3HwUEWMAMIAYA4ABxBgADCDGAGAAMQYAA4gxABhAjAHAAGKMVHjvv5j1DDCtlPUA1nA5NFLhnHtG0o0xlt4uqfcjhWHdf0k628f6P6c1yKgixkiFc+5HcdZ57x+T9G8pj4P0PeGcG/snOKeJGCNrXBY7JEEQaGVlRevr6z3XVqvVWOs+42ZJxHgTiDGQEysrK7r33nu1e/funmsvX74cax2SQ4yBnFhbW9OePXu0d+/erEfBVXA2BZAThUJBtVot6zFwDcQYAAwgxgBgADEGAAOIMQAYQIwBwABObQN05YKIWq0W63Hz5XJZMzMz6nQ6Q5js6oIgULPZ1Mcffxz7NQNcyIEhIsaArlzksGPHjliPmz9x4oROnz6tUim7e91EUaSFhQXt27cv9mtWVla0c+fOtEbixj+bRIwBSefPn9ejjz6q/fv391z76quv6r333ss0xmtra7rlllv02GOPpfk2xySdj7n2dJqD5AExBnTlgoi4P8JHUaQwDFOeqLswDNVut9N+mx865/4z7TfBFXyBB+BaZrMeIE+IMQAYQIwBwABiDAAGEGMAMIAYA4ABxBgADOA8Y4w1732sy5ZbrVZf5+222+3Y64MgkHMu9t6GcFXdEBFjjC3nnDqdTioXR/QTb+ecgiCQ9z7xOfpwRtJv+nzNu2kMgqsjxhhbH330kb7+9a/r/vvv77m21WppYWEh1r7f+MY3dM8996hQiPe/z+HDh/X6669raWkp1vqUvOec+/ssB0B3xBhja2NjQ5VKRTfeeGOi+y4uLmpxcTH2+kqloo2NjURnGACHHIzjCzyMrUKhoHq9nvUYqtfrsT9FI7+IMQAYQIwBwABiDAAGEGMAMIAYA4ABxBgADCDGAGAAJz8iaxeyHmBY4twjIwj4fJRXxBip8N5vl/TlGEt7P455eH4m6V9irp2V9LakhV4Lm82mLl261PNy6zAMNTk5GfPtMW6IMdLyZUmvZD1En0455/437mLvfaw7BT3wwAO6++67ez5Rulqt6sUXX1ShUOATcg4RY6Ql85sxDCD205C992VJ3ev6iUqlokql0nNduVxWq9Xi0umc4q9fwIharTaq9z1GAogxABhAjAHAAGIMAAYQYwAwgBgDgAHEGCOhn8ccjSpOacs3fveRqRMnTujIkSOane1+iu/6+rq89z0vnLDIe++bzWbPc9YsPCIK2SHGyNQf/vAHPfvss9q2bVvXdWEYanl5WYVCIetH3vftV7/6lXvttddiPR26WCxyrnFOEWNkam5uTtu2bdMNN9wQa/2ohVi6cjHHqVOneq5zzml6enok/xuxecQYSNnExIRmZ2c1PT3dcy0hzi++wAMAA4gxABhAjAHAAGIMAAYQYwAwgBgDgAHEGAAM4DxjZGptbU0ffPBBKnt/8MEHWltbS2XvfjSbTbVaLTUajcT2jKJIzWYzsf2QPWKMTN1xxx164oknND8/n/je6+vr2r17d+L79mtiYkLFYlHFYjGxPaenpxPdD9kjxsjUrl27tGvXrqzHSNXDDz+sr33ta4nela3T6fAE6TFDjIGUlUollUqlrMeAcfzVCgAGEGMAMIAYA4ABxBgADCDGAGAAMQYAA4gxABhAjJGWUTyxdqrP9QtpDJGSnVkPgO646ANpufTJP6Ok1sfalqTHNTp/6ZzJegB053gAIgBkj8MUAGAAMQYAA4gxABhAjAHAAGIMAAYQYwAwgBgDgAHEGAAMIMYAYAAxBgADiDEAGECMAcAAYgwABhBjADCAGAOAAcQYAAwgxgBgADEGAAOIMQAYQIwBwABiDAAGEGMAMOD/AKaTWGQwyKlQAAAAAElFTkSuQmCC', 200, 1),
    ('Laptop', 'iVBORw0KGgoAAAANSUhEUgAAAWMAAAFGCAYAAAC/o/5kAAAACXBIWXMAAAsTAAALEwEAmpwYAAAF8WlUWHRYTUw6Y29tLmFkb2JlLnhtcAAAAAAAPD94cGFja2V0IGJlZ2luPSLvu78iIGlkPSJXNU0wTXBDZWhpSHpyZVN6TlRjemtjOWQiPz4gPHg6eG1wbWV0YSB4bWxuczp4PSJhZG9iZTpuczptZXRhLyIgeDp4bXB0az0iQWRvYmUgWE1QIENvcmUgNi4wLWMwMDIgNzkuMTY0NDg4LCAyMDIwLzA3LzEwLTIyOjA2OjUzICAgICAgICAiPiA8cmRmOlJERiB4bWxuczpyZGY9Imh0dHA6Ly93d3cudzMub3JnLzE5OTkvMDIvMjItcmRmLXN5bnRheC1ucyMiPiA8cmRmOkRlc2NyaXB0aW9uIHJkZjphYm91dD0iIiB4bWxuczp4bXA9Imh0dHA6Ly9ucy5hZG9iZS5jb20veGFwLzEuMC8iIHhtbG5zOmRjPSJodHRwOi8vcHVybC5vcmcvZGMvZWxlbWVudHMvMS4xLyIgeG1sbnM6cGhvdG9zaG9wPSJodHRwOi8vbnMuYWRvYmUuY29tL3Bob3Rvc2hvcC8xLjAvIiB4bWxuczp4bXBNTT0iaHR0cDovL25zLmFkb2JlLmNvbS94YXAvMS4wL21tLyIgeG1sbnM6c3RFdnQ9Imh0dHA6Ly9ucy5hZG9iZS5jb20veGFwLzEuMC9zVHlwZS9SZXNvdXJjZUV2ZW50IyIgeG1wOkNyZWF0b3JUb29sPSJBZG9iZSBQaG90b3Nob3AgMjIuMCAoV2luZG93cykiIHhtcDpDcmVhdGVEYXRlPSIyMDIzLTA0LTEwVDE2OjMzOjU3KzA3OjAwIiB4bXA6TW9kaWZ5RGF0ZT0iMjAyMy0wNC0xMFQxNjozODo0NiswNzowMCIgeG1wOk1ldGFkYXRhRGF0ZT0iMjAyMy0wNC0xMFQxNjozODo0NiswNzowMCIgZGM6Zm9ybWF0PSJpbWFnZS9wbmciIHBob3Rvc2hvcDpDb2xvck1vZGU9IjMiIHBob3Rvc2hvcDpJQ0NQcm9maWxlPSJzUkdCIElFQzYxOTY2LTIuMSIgeG1wTU06SW5zdGFuY2VJRD0ieG1wLmlpZDo2ZDc3YjQxOC00NTViLWVjNGEtYmIyMi03NzcxNzk5MmZjOGEiIHhtcE1NOkRvY3VtZW50SUQ9ImFkb2JlOmRvY2lkOnBob3Rvc2hvcDo3ZTNmYzk4OC1kMDZkLTcyNDItOWM3ZS1jOGFjOGQ3NTJkYjAiIHhtcE1NOk9yaWdpbmFsRG9jdW1lbnRJRD0ieG1wLmRpZDo5MDc3MmE2Yi0zMzc2LWM1NGYtOGMwMy0xMWZjMWZmY2M5OTkiPiA8eG1wTU06SGlzdG9yeT4gPHJkZjpTZXE+IDxyZGY6bGkgc3RFdnQ6YWN0aW9uPSJjcmVhdGVkIiBzdEV2dDppbnN0YW5jZUlEPSJ4bXAuaWlkOjkwNzcyYTZiLTMzNzYtYzU0Zi04YzAzLTExZmMxZmZjYzk5OSIgc3RFdnQ6d2hlbj0iMjAyMy0wNC0xMFQxNjozMzo1NyswNzowMCIgc3RFdnQ6c29mdHdhcmVBZ2VudD0iQWRvYmUgUGhvdG9zaG9wIDIyLjAgKFdpbmRvd3MpIi8+IDxyZGY6bGkgc3RFdnQ6YWN0aW9uPSJzYXZlZCIgc3RFdnQ6aW5zdGFuY2VJRD0ieG1wLmlpZDo2ZDc3YjQxOC00NTViLWVjNGEtYmIyMi03NzcxNzk5MmZjOGEiIHN0RXZ0OndoZW49IjIwMjMtMDQtMTBUMTY6Mzg6NDYrMDc6MDAiIHN0RXZ0OnNvZnR3YXJlQWdlbnQ9IkFkb2JlIFBob3Rvc2hvcCAyMi4wIChXaW5kb3dzKSIgc3RFdnQ6Y2hhbmdlZD0iLyIvPiA8L3JkZjpTZXE+IDwveG1wTU06SGlzdG9yeT4gPC9yZGY6RGVzY3JpcHRpb24+IDwvcmRmOlJERj4gPC94OnhtcG1ldGE+IDw/eHBhY2tldCBlbmQ9InIiPz5jA+VAAAATUElEQVR4nO3dS4xc5ZmH8f93TnV3VXf1zdVqwGAPdoSCZS6yFMssBoUJihNxiUBZkCyQImWErMwCE2WkSZREGgkEAxs0QkEDsyKzCFIUZmEnKANhA4qlbCJhiK2JHM/gS2Fs2t0ud5+6frMwaFCwq05Vn1PnrTrPT2LFV1+92OZx9alzcd57AQCyFWQ9AACAGAOACcQYAAwgxgBgADEGAAOIMQAYQIwBwABiDAAGEGMAMIAYA4ABxBgADCDGAGAAMQYAA4gxABhAjAHAAGIMAAYQYwAwgBgDgAHEGAAMIMYAYAAxBgADiDEAGFDIeoAsOOdirfPeXy/pT5LCVAfCMBxxzu3Pegikz3uf9QgDyWWM+xBKWsh6CCRiKesBgG44TNFd24/qX7P4a/WsBwC6IcYAYAAxBgADiDEAGECMAcAAYgwABhDjLpxz1axnAJAPuTzP2Hu/O+bS5X7ObFtdXdXFixdVKOTyl3VovPdaXl7W5ORkPy9rpTUPkIRcVsN7/66LeRle3Kv1JOnw4cP6+c9/ruuuu27g2dBdu91Wo9HQ008/rZ07d/bz0plPrqiMo+6cWxlgPGBguYyxc64maTat/cOQq6fTFAQDHV3b470/E2ehc+6wpAcHeRNgULmMcZoKhQIxTpFzTu12e6Bf47g/DUma6ntzYJP4Ag/4vEbWAyB/iDEAGECMAcAAYgwABhBjADCAGAOAAcQYAAwgxgmamuL01GHw3qtcLmc9BpAoLvrownvvP/roo9jXQ9dqNe5LMQTOOZ06dUrtdjv2a5rNprZs2aJSqZTiZMDgXE4f8bamGJdDr66u6gc/+IGiKIp1U5ogCPq6lwUG1+l0+noK8Llz5/TjH/9Y+/bti7P8sHPugYGHQ6ZGtWkcpujBex/7N9d7T4yHZFT/hwOuhZ+peygUCn3db4JIDEe/96YoFAqD3mAIGAr+dAKAAcQYAAzgMAUSEwSBoihSq9X/QzWKxaLCMOQwD3KLGCMxrVZLxWJRxWKx79dGUaR2u80XoMgtYozEfPjhh/rud7+r++67r+/XPvPMM3r33Xe1uLiYwmSAfcQYiZqamur3QaGSeFQVwBd4SNQgx4sl9XU1HTCOiDEAGECMAcAAYgwABhBjADCAGAOAAcQYAAwgxgBgADEGAAOIMQAYQIyRmFarNfCDQsMw5Co85Br3pkBiyuWyjh8/runp6b5fe+nSpYFeB4wLYozEVCoVvf3223r99dcHem25XFan00lhMsA+YozEdDodTU9PD/wJlxAjzzhmDAAGEGMAMIAYA4ABxBgADCDGAGAAMQYAA4gxABhAjAHAAGIMAAYQYwAwgBgDgAHEGAAMIMYAYAAxBgADiDEAGECMAcAAYgwABhBjADCAGAOAAcQYAAwgxgBgADEGAAOIMQAYQIwBwABiDAAGEGMAMIAYA4ABxBgADCDGAGAAMQYAA4gxABhAjAHAAGIMAAYQYwAwgBgDgAHEGAAMKGQ9gGWdTkfValX1el2Fwvj+Ui0sLGhmZkadTifrUYDcGt/CJKBYLOrb3/622u22wjDMepzUHD16VH/5y180PT2d9ShAbhHjLkqlkh555JGsxxiKP/7xj8QYyBDHjKEoisb6kz8wCogxABhAjAHAAGIMAAYQYwAwgBgDgAHEGAAMyGuMZ7MewJJisah2u531GECu5fWij5NKOMje+y3OOddr3enTp/XGG2+oWCwm+fabcvToUS0sLGQ9BpBreY3xrqQ3dM79h6Rv9lp35swZvfDCC7r++uuTHmFg3JsCyF4uY+yci5Le03t/Oc66yclJ3XzzzVpcXEx6hE0hxEC28nrMOA1TWQ8AYHQRY+DzEv/JCegll4cpgB7mvPc7eqy56JxbGco0I8B7f72kUtZzSNqQVM16iEEQY+DzvirpRI81P5L09BBmGRX/Lun+rIeQ9Laku7MeYhAcpgCQhMmsB/jEyH7AJMYAklDPeoBPtLIeYFDEGAAMIMYAYMDIHl8ZZbVazdTl0L0Ui0UFQSDvfdajAGOLGA/Z5OSklpaWzF2B1029Xlen01GMW28AGBAxHrJbb73Vv/TSSyNTtUajoZ/85CdaWVlRqWThNFJgPBHjIXPOuVGKWqlU4hAFMAR8gYeuGo1G1iMkwnuvcrmc9RjANfHJGLkwMTGhkydPanb26rexbjQaqlQqmp+fj7tlrLv04fPOnTunjY0NhWHYc2273VapVNLy8vIQJssWMUYubNmyRb/85S/16quvXvXff/jhh/rOd76jRx55JO6W13vvb9zkWKvOudom9xg5L7/8so4cOaJKpdJz7YULF7R371799Kc/HcJk2SLGyAXvvZxzKhSu/Ue+27+7ih967/9pMzM55w5K+tfN7DGqCoVCrF/viYmJIUxjAzFGbgTBtb8iKRQKsX5s/qw4j9nqwcr9HIbq0xB3+/34VBiGff++jCq+wAOyMx7fjiIRxBgADCDGydnslzkAcoxjxsn5Z0k7U9j3i5K+n8K+AAwhxglxzr2Rxr7e+1tEjIGxx2EK+/4m6wEApI8YA4ABxBiQ1Gq1cnWBAezhmDGgKzfQX11d1blz5wbeo9FoaHZ2tp/7W5wZ+M3s4V4dm0SMAUnLy8v63e9+pzfffHPgPc6cOaPvfe97evDBB+O+5HHv/d8N/IbSKefc05t4fVfe+0cl3RVz+b605sgLYgxk528/+WdQlySlFmNJj0r6aor74zOIMbqamJjwkkbmySSD8t7HuldCN3Hvt5CgP6e8/9mU98dnEOMx8vzzz3e9Z++AXBRFI/UAVWAUEeMxcvLkSR0/fjzRJ1oEQaC5uTmFYcijl4AUEeMxMjs7q7m5uX6+zY+NEAPp4jxjADCAGAOAAcQYwLXk7vl8WeKYMZCQVqul6enpYb7lovf+oRT3vyONTcMwVLvdTmPrkUaMgYSUSiWdPXtWJ06cGHiPyclJ3XTTTXGX3yzptYHfLEHnzp1TrRbvg/T6+jr3AbkKYgwkZHl5Wb/97W/161//eqDXr66u6gtf+IKef/75ZAcbgldeeUVvvvmmKpVKz7XFYlELCwucofNXiDGQkE6no4mJiViPoL+aer0+shfXFItFTU1NxZo/CAJCfBXEGEiQc07ODXb1+JAvpU5cEAQj/9+QJWKcU0EQKIoira2t9VxbqVT4NAOkjBjnVBRFWlpa0pe+9KWu61qtlo4dO6Zms6kwDIc0HZA/xDinLl68qLvuuksHDhzoufbgwYOq1WrDPm0LyBUO8ORUEARqtVo91zUajSFMA4AYA4ABxBgw4tNT40bR5OSkOp1O1mOMNI4ZA0YUi0VtbGzonXfeibW+0Who9+7dWl5eTnyW1dVVHT16NPb6arWqUqmU+Bx5QowBI2ZmZrSysqLnnnsu1vrTp0/rqaee0v79+xOf5cKFC3ryySdVKBRinUWzsLCg+fl5Ph1vAjEGjOh0OgrDMPYn3Xa7rZmZmVRmCcNQS0tLmpqain0hByHeHI4ZA4ABxBgADOAwxZjpdDqxflzkR0rAFmI8RjY2NhRFkaampnqurdfriqJoCFMBiIMYj5GDBw/2dcVcuVxOcRoA/SDGY6SPJ0QAMIYv8ADAAGIMAAYQYwAwgBgDgAHEGBhRrVYrtTNi5ubmeMzWkHE2BTCilpaWdOjQIf3+979PfO9araapqamBH66K/hFjYETNzMzo6NGjqVy8UygUtGXLFj4dDxExto8rM3BVnU5Hs7Ozmp2dTWV/QjxcxNi+9yT9LIV9H5WUzv/FAPpGjI1zzv23pH9Iel/v/X0ixoAZnE2RQ977UNJk1nMA+H/EGAAMIMYAYAAxBgADiDEAGECMAcAATm1DV+12W+fPn9epU6e0sLAQ6zWlUknz8/M8Zw/oAzFGV8Vi0T/++OOu0WioUIj3x+XYsWM6dOiQFhcXU54OGB/EGF0559zevXv7ek0QBPrFL35BjIE+cMwYiavVarE/RQO4ghgDgAHEGAAMIMYAYAAxBgADiDEAGECMAcAAzj8CMFRBEKjZbGplZaXn2o8//jjWunFAjPNra9YDIJ+azaZmZmZ0++2391x7+fJl7dixYwhTZY8Y55Bzru29/6qkqT5e9hVJ309pJOTI2tqatm7dqoMHD2Y9iinEOKecc2/0s957XxcxRgKCgK+qroZfFcR1Q9YDAOOMGAOAAcQYAAwgxgBgADEGAAOIMQAYQIwBwADOMwaQCO99rHUpP6j2pjQ3TxMxRuKiKFK1WlWxWOy5dmpqSuVymSdJj7ggCBRFkVqtVs+1tVpNGxsb/Wz/tqTTMdce72djS4gxErd161bde++9Wlpa6rn2/PnzqlarmpycHMJkSMuFCxf0rW99S3v27Om5tl6va3p6up/tDzjn3ou7OO4ndGuIMRJ355136s4774y19q233tKzzz6rbdu2pTwV0lSr1bR9+3bt3Lkzje1vkBQ7xqOKL/CQqSiKeJL0GCgUCmo0GlmPMdKIMQAYQIwBwABiDAAGEGMAMIAYA4ABxBgADCDGAGAAJ3giU+vr66pWq5qYmOi6LgxDLS4uyjk3sldYjZIgCLS6uqp6vR5rfbVa1eXLl1OearwRY8R1SNJtfa6/udei7du366GHHtL8/HzXda1WS++//77a7TYPtByCKIp022239fx9+dTq6mq/V1H+o6TfxFz7P/1sPKpcHj9lOOeyHmHsee//JOnWBPfzBw4ccPV6nftYDMHZs2f15JNPxr6sfQBfcc69lcbGo9o0PmJgJFy8eJG/QYcoDENFUZTmW1TS3HwUEWMAMIAYA4ABxBgADCDGAGAAMQYAA4gxABhAjAHAAGKMVHjvv5j1DDCtlPUA1nA5NFLhnHtG0o0xlt4uqfcjhWHdf0k628f6P6c1yKgixkiFc+5HcdZ57x+T9G8pj4P0PeGcG/snOKeJGCNrXBY7JEEQaGVlRevr6z3XVqvVWOs+42ZJxHgTiDGQEysrK7r33nu1e/funmsvX74cax2SQ4yBnFhbW9OePXu0d+/erEfBVXA2BZAThUJBtVot6zFwDcQYAAwgxgBgADEGAAOIMQAYQIwBwABObQN05YKIWq0W63Hz5XJZMzMz6nQ6Q5js6oIgULPZ1Mcffxz7NQNcyIEhIsaArlzksGPHjliPmz9x4oROnz6tUim7e91EUaSFhQXt27cv9mtWVla0c+fOtEbixj+bRIwBSefPn9ejjz6q/fv391z76quv6r333ss0xmtra7rlllv02GOPpfk2xySdj7n2dJqD5AExBnTlgoi4P8JHUaQwDFOeqLswDNVut9N+mx865/4z7TfBFXyBB+BaZrMeIE+IMQAYQIwBwABiDAAGEGMAMIAYA4ABxBgADOA8Y4w1732sy5ZbrVZf5+222+3Y64MgkHMu9t6GcFXdEBFjjC3nnDqdTioXR/QTb+ecgiCQ9z7xOfpwRtJv+nzNu2kMgqsjxhhbH330kb7+9a/r/vvv77m21WppYWEh1r7f+MY3dM8996hQiPe/z+HDh/X6669raWkp1vqUvOec+/ssB0B3xBhja2NjQ5VKRTfeeGOi+y4uLmpxcTH2+kqloo2NjURnGACHHIzjCzyMrUKhoHq9nvUYqtfrsT9FI7+IMQAYQIwBwABiDAAGEGMAMIAYA4ABxBgADCDGAGAAJz8iaxeyHmBY4twjIwj4fJRXxBip8N5vl/TlGEt7P455eH4m6V9irp2V9LakhV4Lm82mLl261PNy6zAMNTk5GfPtMW6IMdLyZUmvZD1En0455/437mLvfaw7BT3wwAO6++67ez5Rulqt6sUXX1ShUOATcg4RY6Ql85sxDCD205C992VJ3ev6iUqlokql0nNduVxWq9Xi0umc4q9fwIharTaq9z1GAogxABhAjAHAAGIMAAYQYwAwgBgDgAHEGCOhn8ccjSpOacs3fveRqRMnTujIkSOane1+iu/6+rq89z0vnLDIe++bzWbPc9YsPCIK2SHGyNQf/vAHPfvss9q2bVvXdWEYanl5WYVCIetH3vftV7/6lXvttddiPR26WCxyrnFOEWNkam5uTtu2bdMNN9wQa/2ohVi6cjHHqVOneq5zzml6enok/xuxecQYSNnExIRmZ2c1PT3dcy0hzi++wAMAA4gxABhAjAHAAGIMAAYQYwAwgBgDgAHEGAAM4DxjZGptbU0ffPBBKnt/8MEHWltbS2XvfjSbTbVaLTUajcT2jKJIzWYzsf2QPWKMTN1xxx164oknND8/n/je6+vr2r17d+L79mtiYkLFYlHFYjGxPaenpxPdD9kjxsjUrl27tGvXrqzHSNXDDz+sr33ta4nela3T6fAE6TFDjIGUlUollUqlrMeAcfzVCgAGEGMAMIAYA4ABxBgADCDGAGAAMQYAA4gxABhAjJGWUTyxdqrP9QtpDJGSnVkPgO646ANpufTJP6Ok1sfalqTHNTp/6ZzJegB053gAIgBkj8MUAGAAMQYAA4gxABhAjAHAAGIMAAYQYwAwgBgDgAHEGAAMIMYAYAAxBgADiDEAGECMAcAAYgwABhBjADCAGAOAAcQYAAwgxgBgADEGAAOIMQAYQIwBwABiDAAGEGMAMOD/AKaTWGQwyKlQAAAAAElFTkSuQmCC', 1000, 2),
    ('T-Shirt', 'iVBORw0KGgoAAAANSUhEUgAAAWMAAAFGCAYAAAC/o/5kAAAACXBIWXMAAAsTAAALEwEAmpwYAAAF8WlUWHRYTUw6Y29tLmFkb2JlLnhtcAAAAAAAPD94cGFja2V0IGJlZ2luPSLvu78iIGlkPSJXNU0wTXBDZWhpSHpyZVN6TlRjemtjOWQiPz4gPHg6eG1wbWV0YSB4bWxuczp4PSJhZG9iZTpuczptZXRhLyIgeDp4bXB0az0iQWRvYmUgWE1QIENvcmUgNi4wLWMwMDIgNzkuMTY0NDg4LCAyMDIwLzA3LzEwLTIyOjA2OjUzICAgICAgICAiPiA8cmRmOlJERiB4bWxuczpyZGY9Imh0dHA6Ly93d3cudzMub3JnLzE5OTkvMDIvMjItcmRmLXN5bnRheC1ucyMiPiA8cmRmOkRlc2NyaXB0aW9uIHJkZjphYm91dD0iIiB4bWxuczp4bXA9Imh0dHA6Ly9ucy5hZG9iZS5jb20veGFwLzEuMC8iIHhtbG5zOmRjPSJodHRwOi8vcHVybC5vcmcvZGMvZWxlbWVudHMvMS4xLyIgeG1sbnM6cGhvdG9zaG9wPSJodHRwOi8vbnMuYWRvYmUuY29tL3Bob3Rvc2hvcC8xLjAvIiB4bWxuczp4bXBNTT0iaHR0cDovL25zLmFkb2JlLmNvbS94YXAvMS4wL21tLyIgeG1sbnM6c3RFdnQ9Imh0dHA6Ly9ucy5hZG9iZS5jb20veGFwLzEuMC9zVHlwZS9SZXNvdXJjZUV2ZW50IyIgeG1wOkNyZWF0b3JUb29sPSJBZG9iZSBQaG90b3Nob3AgMjIuMCAoV2luZG93cykiIHhtcDpDcmVhdGVEYXRlPSIyMDIzLTA0LTEwVDE2OjMzOjU3KzA3OjAwIiB4bXA6TW9kaWZ5RGF0ZT0iMjAyMy0wNC0xMFQxNjozODo0NiswNzowMCIgeG1wOk1ldGFkYXRhRGF0ZT0iMjAyMy0wNC0xMFQxNjozODo0NiswNzowMCIgZGM6Zm9ybWF0PSJpbWFnZS9wbmciIHBob3Rvc2hvcDpDb2xvck1vZGU9IjMiIHBob3Rvc2hvcDpJQ0NQcm9maWxlPSJzUkdCIElFQzYxOTY2LTIuMSIgeG1wTU06SW5zdGFuY2VJRD0ieG1wLmlpZDo2ZDc3YjQxOC00NTViLWVjNGEtYmIyMi03NzcxNzk5MmZjOGEiIHhtcE1NOkRvY3VtZW50SUQ9ImFkb2JlOmRvY2lkOnBob3Rvc2hvcDo3ZTNmYzk4OC1kMDZkLTcyNDItOWM3ZS1jOGFjOGQ3NTJkYjAiIHhtcE1NOk9yaWdpbmFsRG9jdW1lbnRJRD0ieG1wLmRpZDo5MDc3MmE2Yi0zMzc2LWM1NGYtOGMwMy0xMWZjMWZmY2M5OTkiPiA8eG1wTU06SGlzdG9yeT4gPHJkZjpTZXE+IDxyZGY6bGkgc3RFdnQ6YWN0aW9uPSJjcmVhdGVkIiBzdEV2dDppbnN0YW5jZUlEPSJ4bXAuaWlkOjkwNzcyYTZiLTMzNzYtYzU0Zi04YzAzLTExZmMxZmZjYzk5OSIgc3RFdnQ6d2hlbj0iMjAyMy0wNC0xMFQxNjozMzo1NyswNzowMCIgc3RFdnQ6c29mdHdhcmVBZ2VudD0iQWRvYmUgUGhvdG9zaG9wIDIyLjAgKFdpbmRvd3MpIi8+IDxyZGY6bGkgc3RFdnQ6YWN0aW9uPSJzYXZlZCIgc3RFdnQ6aW5zdGFuY2VJRD0ieG1wLmlpZDo2ZDc3YjQxOC00NTViLWVjNGEtYmIyMi03NzcxNzk5MmZjOGEiIHN0RXZ0OndoZW49IjIwMjMtMDQtMTBUMTY6Mzg6NDYrMDc6MDAiIHN0RXZ0OnNvZnR3YXJlQWdlbnQ9IkFkb2JlIFBob3Rvc2hvcCAyMi4wIChXaW5kb3dzKSIgc3RFdnQ6Y2hhbmdlZD0iLyIvPiA8L3JkZjpTZXE+IDwveG1wTU06SGlzdG9yeT4gPC9yZGY6RGVzY3JpcHRpb24+IDwvcmRmOlJERj4gPC94OnhtcG1ldGE+IDw/eHBhY2tldCBlbmQ9InIiPz5jA+VAAAATUElEQVR4nO3dS4xc5ZmH8f93TnV3VXf1zdVqwGAPdoSCZS6yFMssBoUJihNxiUBZkCyQImWErMwCE2WkSZREGgkEAxs0QkEDsyKzCFIUZmEnKANhA4qlbCJhiK2JHM/gS2Fs2t0ud5+6frMwaFCwq05Vn1PnrTrPT2LFV1+92OZx9alzcd57AQCyFWQ9AACAGAOACcQYAAwgxgBgADEGAAOIMQAYQIwBwABiDAAGEGMAMIAYA4ABxBgADCDGAGAAMQYAA4gxABhAjAHAAGIMAAYQYwAwgBgDgAHEGAAMIMYAYAAxBgADiDEAGFDIeoAsOOdirfPeXy/pT5LCVAfCMBxxzu3Pegikz3uf9QgDyWWM+xBKWsh6CCRiKesBgG44TNFd24/qX7P4a/WsBwC6IcYAYAAxBgADiDEAGECMAcAAYgwABhDjLpxz1axnAJAPuTzP2Hu/O+bS5X7ObFtdXdXFixdVKOTyl3VovPdaXl7W5ORkPy9rpTUPkIRcVsN7/66LeRle3Kv1JOnw4cP6+c9/ruuuu27g2dBdu91Wo9HQ008/rZ07d/bz0plPrqiMo+6cWxlgPGBguYyxc64maTat/cOQq6fTFAQDHV3b470/E2ehc+6wpAcHeRNgULmMcZoKhQIxTpFzTu12e6Bf47g/DUma6ntzYJP4Ag/4vEbWAyB/iDEAGECMAcAAYgwABhBjADCAGAOAAcQYAAwgxgmamuL01GHw3qtcLmc9BpAoLvrownvvP/roo9jXQ9dqNe5LMQTOOZ06dUrtdjv2a5rNprZs2aJSqZTiZMDgXE4f8bamGJdDr66u6gc/+IGiKIp1U5ogCPq6lwUG1+l0+noK8Llz5/TjH/9Y+/bti7P8sHPugYGHQ6ZGtWkcpujBex/7N9d7T4yHZFT/hwOuhZ+peygUCn3db4JIDEe/96YoFAqD3mAIGAr+dAKAAcQYAAzgMAUSEwSBoihSq9X/QzWKxaLCMOQwD3KLGCMxrVZLxWJRxWKx79dGUaR2u80XoMgtYozEfPjhh/rud7+r++67r+/XPvPMM3r33Xe1uLiYwmSAfcQYiZqamur3QaGSeFQVwBd4SNQgx4sl9XU1HTCOiDEAGECMAcAAYgwABhBjADCAGAOAAcQYAAwgxgBgADEGAAOIMQAYQIyRmFarNfCDQsMw5Co85Br3pkBiyuWyjh8/runp6b5fe+nSpYFeB4wLYozEVCoVvf3223r99dcHem25XFan00lhMsA+YozEdDodTU9PD/wJlxAjzzhmDAAGEGMAMIAYA4ABxBgADCDGAGAAMQYAA4gxABhAjAHAAGIMAAYQYwAwgBgDgAHEGAAMIMYAYAAxBgADiDEAGECMAcAAYgwABhBjADCAGAOAAcQYAAwgxgBgADEGAAOIMQAYQIwBwABiDAAGEGMAMIAYA4ABxBgADCDGAGAAMQYAA4gxABhAjAHAAGIMAAYQYwAwgBgDgAHEGAAMKGQ9gGWdTkfValX1el2Fwvj+Ui0sLGhmZkadTifrUYDcGt/CJKBYLOrb3/622u22wjDMepzUHD16VH/5y180PT2d9ShAbhHjLkqlkh555JGsxxiKP/7xj8QYyBDHjKEoisb6kz8wCogxABhAjAHAAGIMAAYQYwAwgBgDgAHEGAAMyGuMZ7MewJJisah2u531GECu5fWij5NKOMje+y3OOddr3enTp/XGG2+oWCwm+fabcvToUS0sLGQ9BpBreY3xrqQ3dM79h6Rv9lp35swZvfDCC7r++uuTHmFg3JsCyF4uY+yci5Le03t/Oc66yclJ3XzzzVpcXEx6hE0hxEC28nrMOA1TWQ8AYHQRY+DzEv/JCegll4cpgB7mvPc7eqy56JxbGco0I8B7f72kUtZzSNqQVM16iEEQY+DzvirpRI81P5L09BBmGRX/Lun+rIeQ9Laku7MeYhAcpgCQhMmsB/jEyH7AJMYAklDPeoBPtLIeYFDEGAAMIMYAYMDIHl8ZZbVazdTl0L0Ui0UFQSDvfdajAGOLGA/Z5OSklpaWzF2B1029Xlen01GMW28AGBAxHrJbb73Vv/TSSyNTtUajoZ/85CdaWVlRqWThNFJgPBHjIXPOuVGKWqlU4hAFMAR8gYeuGo1G1iMkwnuvcrmc9RjANfHJGLkwMTGhkydPanb26rexbjQaqlQqmp+fj7tlrLv04fPOnTunjY0NhWHYc2273VapVNLy8vIQJssWMUYubNmyRb/85S/16quvXvXff/jhh/rOd76jRx55JO6W13vvb9zkWKvOudom9xg5L7/8so4cOaJKpdJz7YULF7R371799Kc/HcJk2SLGyAXvvZxzKhSu/Ue+27+7ih967/9pMzM55w5K+tfN7DGqCoVCrF/viYmJIUxjAzFGbgTBtb8iKRQKsX5s/qw4j9nqwcr9HIbq0xB3+/34VBiGff++jCq+wAOyMx7fjiIRxBgADCDGydnslzkAcoxjxsn5Z0k7U9j3i5K+n8K+AAwhxglxzr2Rxr7e+1tEjIGxx2EK+/4m6wEApI8YA4ABxBiQ1Gq1cnWBAezhmDGgKzfQX11d1blz5wbeo9FoaHZ2tp/7W5wZ+M3s4V4dm0SMAUnLy8v63e9+pzfffHPgPc6cOaPvfe97evDBB+O+5HHv/d8N/IbSKefc05t4fVfe+0cl3RVz+b605sgLYgxk528/+WdQlySlFmNJj0r6aor74zOIMbqamJjwkkbmySSD8t7HuldCN3Hvt5CgP6e8/9mU98dnEOMx8vzzz3e9Z++AXBRFI/UAVWAUEeMxcvLkSR0/fjzRJ1oEQaC5uTmFYcijl4AUEeMxMjs7q7m5uX6+zY+NEAPp4jxjADCAGAOAAcQYwLXk7vl8WeKYMZCQVqul6enpYb7lovf+oRT3vyONTcMwVLvdTmPrkUaMgYSUSiWdPXtWJ06cGHiPyclJ3XTTTXGX3yzptYHfLEHnzp1TrRbvg/T6+jr3AbkKYgwkZHl5Wb/97W/161//eqDXr66u6gtf+IKef/75ZAcbgldeeUVvvvmmKpVKz7XFYlELCwucofNXiDGQkE6no4mJiViPoL+aer0+shfXFItFTU1NxZo/CAJCfBXEGEiQc07ODXb1+JAvpU5cEAQj/9+QJWKcU0EQKIoira2t9VxbqVT4NAOkjBjnVBRFWlpa0pe+9KWu61qtlo4dO6Zms6kwDIc0HZA/xDinLl68qLvuuksHDhzoufbgwYOq1WrDPm0LyBUO8ORUEARqtVo91zUajSFMA4AYA4ABxBgw4tNT40bR5OSkOp1O1mOMNI4ZA0YUi0VtbGzonXfeibW+0Who9+7dWl5eTnyW1dVVHT16NPb6arWqUqmU+Bx5QowBI2ZmZrSysqLnnnsu1vrTp0/rqaee0v79+xOf5cKFC3ryySdVKBRinUWzsLCg+fl5Ph1vAjEGjOh0OgrDMPYn3Xa7rZmZmVRmCcNQS0tLmpqain0hByHeHI4ZA4ABxBgADOAwxZjpdDqxflzkR0rAFmI8RjY2NhRFkaampnqurdfriqJoCFMBiIMYj5GDBw/2dcVcuVxOcRoA/SDGY6SPJ0QAMIYv8ADAAGIMAAYQYwAwgBgDgAHEGBhRrVYrtTNi5ubmeMzWkHE2BTCilpaWdOjQIf3+979PfO9araapqamBH66K/hFjYETNzMzo6NGjqVy8UygUtGXLFj4dDxExto8rM3BVnU5Hs7Ozmp2dTWV/QjxcxNi+9yT9LIV9H5WUzv/FAPpGjI1zzv23pH9Iel/v/X0ixoAZnE2RQ977UNJk1nMA+H/EGAAMIMYAYAAxBgADiDEAGECMAcAATm1DV+12W+fPn9epU6e0sLAQ6zWlUknz8/M8Zw/oAzFGV8Vi0T/++OOu0WioUIj3x+XYsWM6dOiQFhcXU54OGB/EGF0559zevXv7ek0QBPrFL35BjIE+cMwYiavVarE/RQO4ghgDgAHEGAAMIMYAYAAxBgADiDEAGECMAcAAzj8CMFRBEKjZbGplZaXn2o8//jjWunFAjPNra9YDIJ+azaZmZmZ0++2391x7+fJl7dixYwhTZY8Y55Bzru29/6qkqT5e9hVJ309pJOTI2tqatm7dqoMHD2Y9iinEOKecc2/0s957XxcxRgKCgK+qroZfFcR1Q9YDAOOMGAOAAcQYAAwgxgBgADEGAAOIMQAYQIwBwADOMwaQCO99rHUpP6j2pjQ3TxMxRuKiKFK1WlWxWOy5dmpqSuVymSdJj7ggCBRFkVqtVs+1tVpNGxsb/Wz/tqTTMdce72djS4gxErd161bde++9Wlpa6rn2/PnzqlarmpycHMJkSMuFCxf0rW99S3v27Om5tl6va3p6up/tDzjn3ou7OO4ndGuIMRJ355136s4774y19q233tKzzz6rbdu2pTwV0lSr1bR9+3bt3Lkzje1vkBQ7xqOKL/CQqSiKeJL0GCgUCmo0GlmPMdKIMQAYQIwBwABiDAAGEGMAMIAYA4ABxBgADCDGAGAAJ3giU+vr66pWq5qYmOi6LgxDLS4uyjk3sldYjZIgCLS6uqp6vR5rfbVa1eXLl1OearwRY8R1SNJtfa6/udei7du366GHHtL8/HzXda1WS++//77a7TYPtByCKIp022239fx9+dTq6mq/V1H+o6TfxFz7P/1sPKpcHj9lOOeyHmHsee//JOnWBPfzBw4ccPV6nftYDMHZs2f15JNPxr6sfQBfcc69lcbGo9o0PmJgJFy8eJG/QYcoDENFUZTmW1TS3HwUEWMAMIAYA4ABxBgADCDGAGAAMQYAA4gxABhAjAHAAGKMVHjvv5j1DDCtlPUA1nA5NFLhnHtG0o0xlt4uqfcjhWHdf0k628f6P6c1yKgixkiFc+5HcdZ57x+T9G8pj4P0PeGcG/snOKeJGCNrXBY7JEEQaGVlRevr6z3XVqvVWOs+42ZJxHgTiDGQEysrK7r33nu1e/funmsvX74cax2SQ4yBnFhbW9OePXu0d+/erEfBVXA2BZAThUJBtVot6zFwDcQYAAwgxgBgADEGAAOIMQAYQIwBwABObQN05YKIWq0W63Hz5XJZMzMz6nQ6Q5js6oIgULPZ1Mcffxz7NQNcyIEhIsaArlzksGPHjliPmz9x4oROnz6tUim7e91EUaSFhQXt27cv9mtWVla0c+fOtEbixj+bRIwBSefPn9ejjz6q/fv391z76quv6r333ss0xmtra7rlllv02GOPpfk2xySdj7n2dJqD5AExBnTlgoi4P8JHUaQwDFOeqLswDNVut9N+mx865/4z7TfBFXyBB+BaZrMeIE+IMQAYQIwBwABiDAAGEGMAMIAYA4ABxBgADOA8Y4w1732sy5ZbrVZf5+222+3Y64MgkHMu9t6GcFXdEBFjjC3nnDqdTioXR/QTb+ecgiCQ9z7xOfpwRtJv+nzNu2kMgqsjxhhbH330kb7+9a/r/vvv77m21WppYWEh1r7f+MY3dM8996hQiPe/z+HDh/X6669raWkp1vqUvOec+/ssB0B3xBhja2NjQ5VKRTfeeGOi+y4uLmpxcTH2+kqloo2NjURnGACHHIzjCzyMrUKhoHq9nvUYqtfrsT9FI7+IMQAYQIwBwABiDAAGEGMAMIAYA4ABxBgADCDGAGAAJz8iaxeyHmBY4twjIwj4fJRXxBip8N5vl/TlGEt7P455eH4m6V9irp2V9LakhV4Lm82mLl261PNy6zAMNTk5GfPtMW6IMdLyZUmvZD1En0455/437mLvfaw7BT3wwAO6++67ez5Rulqt6sUXX1ShUOATcg4RY6Ql85sxDCD205C992VJ3ev6iUqlokql0nNduVxWq9Xi0umc4q9fwIharTaq9z1GAogxABhAjAHAAGIMAAYQYwAwgBgDgAHEGCOhn8ccjSpOacs3fveRqRMnTujIkSOane1+iu/6+rq89z0vnLDIe++bzWbPc9YsPCIK2SHGyNQf/vAHPfvss9q2bVvXdWEYanl5WYVCIetH3vftV7/6lXvttddiPR26WCxyrnFOEWNkam5uTtu2bdMNN9wQa/2ohVi6cjHHqVOneq5zzml6enok/xuxecQYSNnExIRmZ2c1PT3dcy0hzi++wAMAA4gxABhAjAHAAGIMAAYQYwAwgBgDgAHEGAAM4DxjZGptbU0ffPBBKnt/8MEHWltbS2XvfjSbTbVaLTUajcT2jKJIzWYzsf2QPWKMTN1xxx164oknND8/n/je6+vr2r17d+L79mtiYkLFYlHFYjGxPaenpxPdD9kjxsjUrl27tGvXrqzHSNXDDz+sr33ta4nela3T6fAE6TFDjIGUlUollUqlrMeAcfzVCgAGEGMAMIAYA4ABxBgADCDGAGAAMQYAA4gxABhAjJGWUTyxdqrP9QtpDJGSnVkPgO646ANpufTJP6Ok1sfalqTHNTp/6ZzJegB053gAIgBkj8MUAGAAMQYAA4gxABhAjAHAAGIMAAYQYwAwgBgDgAHEGAAMIMYAYAAxBgADiDEAGECMAcAAYgwABhBjADCAGAOAAcQYAAwgxgBgADEGAAOIMQAYQIwBwABiDAAGEGMAMOD/AKaTWGQwyKlQAAAAAElFTkSuQmCC', 20, 3),
    ('Jeans', null, 50, 4),
    ('Sofa', null, 800, 5),
    ('Bed Frame', 'iVBORw0KGgoAAAANSUhEUgAAAWMAAAFGCAYAAAC/o/5kAAAACXBIWXMAAAsTAAALEwEAmpwYAAAF8WlUWHRYTUw6Y29tLmFkb2JlLnhtcAAAAAAAPD94cGFja2V0IGJlZ2luPSLvu78iIGlkPSJXNU0wTXBDZWhpSHpyZVN6TlRjemtjOWQiPz4gPHg6eG1wbWV0YSB4bWxuczp4PSJhZG9iZTpuczptZXRhLyIgeDp4bXB0az0iQWRvYmUgWE1QIENvcmUgNi4wLWMwMDIgNzkuMTY0NDg4LCAyMDIwLzA3LzEwLTIyOjA2OjUzICAgICAgICAiPiA8cmRmOlJERiB4bWxuczpyZGY9Imh0dHA6Ly93d3cudzMub3JnLzE5OTkvMDIvMjItcmRmLXN5bnRheC1ucyMiPiA8cmRmOkRlc2NyaXB0aW9uIHJkZjphYm91dD0iIiB4bWxuczp4bXA9Imh0dHA6Ly9ucy5hZG9iZS5jb20veGFwLzEuMC8iIHhtbG5zOmRjPSJodHRwOi8vcHVybC5vcmcvZGMvZWxlbWVudHMvMS4xLyIgeG1sbnM6cGhvdG9zaG9wPSJodHRwOi8vbnMuYWRvYmUuY29tL3Bob3Rvc2hvcC8xLjAvIiB4bWxuczp4bXBNTT0iaHR0cDovL25zLmFkb2JlLmNvbS94YXAvMS4wL21tLyIgeG1sbnM6c3RFdnQ9Imh0dHA6Ly9ucy5hZG9iZS5jb20veGFwLzEuMC9zVHlwZS9SZXNvdXJjZUV2ZW50IyIgeG1wOkNyZWF0b3JUb29sPSJBZG9iZSBQaG90b3Nob3AgMjIuMCAoV2luZG93cykiIHhtcDpDcmVhdGVEYXRlPSIyMDIzLTA0LTEwVDE2OjMzOjU3KzA3OjAwIiB4bXA6TW9kaWZ5RGF0ZT0iMjAyMy0wNC0xMFQxNjozODo0NiswNzowMCIgeG1wOk1ldGFkYXRhRGF0ZT0iMjAyMy0wNC0xMFQxNjozODo0NiswNzowMCIgZGM6Zm9ybWF0PSJpbWFnZS9wbmciIHBob3Rvc2hvcDpDb2xvck1vZGU9IjMiIHBob3Rvc2hvcDpJQ0NQcm9maWxlPSJzUkdCIElFQzYxOTY2LTIuMSIgeG1wTU06SW5zdGFuY2VJRD0ieG1wLmlpZDo2ZDc3YjQxOC00NTViLWVjNGEtYmIyMi03NzcxNzk5MmZjOGEiIHhtcE1NOkRvY3VtZW50SUQ9ImFkb2JlOmRvY2lkOnBob3Rvc2hvcDo3ZTNmYzk4OC1kMDZkLTcyNDItOWM3ZS1jOGFjOGQ3NTJkYjAiIHhtcE1NOk9yaWdpbmFsRG9jdW1lbnRJRD0ieG1wLmRpZDo5MDc3MmE2Yi0zMzc2LWM1NGYtOGMwMy0xMWZjMWZmY2M5OTkiPiA8eG1wTU06SGlzdG9yeT4gPHJkZjpTZXE+IDxyZGY6bGkgc3RFdnQ6YWN0aW9uPSJjcmVhdGVkIiBzdEV2dDppbnN0YW5jZUlEPSJ4bXAuaWlkOjkwNzcyYTZiLTMzNzYtYzU0Zi04YzAzLTExZmMxZmZjYzk5OSIgc3RFdnQ6d2hlbj0iMjAyMy0wNC0xMFQxNjozMzo1NyswNzowMCIgc3RFdnQ6c29mdHdhcmVBZ2VudD0iQWRvYmUgUGhvdG9zaG9wIDIyLjAgKFdpbmRvd3MpIi8+IDxyZGY6bGkgc3RFdnQ6YWN0aW9uPSJzYXZlZCIgc3RFdnQ6aW5zdGFuY2VJRD0ieG1wLmlpZDo2ZDc3YjQxOC00NTViLWVjNGEtYmIyMi03NzcxNzk5MmZjOGEiIHN0RXZ0OndoZW49IjIwMjMtMDQtMTBUMTY6Mzg6NDYrMDc6MDAiIHN0RXZ0OnNvZnR3YXJlQWdlbnQ9IkFkb2JlIFBob3Rvc2hvcCAyMi4wIChXaW5kb3dzKSIgc3RFdnQ6Y2hhbmdlZD0iLyIvPiA8L3JkZjpTZXE+IDwveG1wTU06SGlzdG9yeT4gPC9yZGY6RGVzY3JpcHRpb24+IDwvcmRmOlJERj4gPC94OnhtcG1ldGE+IDw/eHBhY2tldCBlbmQ9InIiPz5jA+VAAAATUElEQVR4nO3dS4xc5ZmH8f93TnV3VXf1zdVqwGAPdoSCZS6yFMssBoUJihNxiUBZkCyQImWErMwCE2WkSZREGgkEAxs0QkEDsyKzCFIUZmEnKANhA4qlbCJhiK2JHM/gS2Fs2t0ud5+6frMwaFCwq05Vn1PnrTrPT2LFV1+92OZx9alzcd57AQCyFWQ9AACAGAOACcQYAAwgxgBgADEGAAOIMQAYQIwBwABiDAAGEGMAMIAYA4ABxBgADCDGAGAAMQYAA4gxABhAjAHAAGIMAAYQYwAwgBgDgAHEGAAMIMYAYAAxBgADiDEAGFDIeoAsOOdirfPeXy/pT5LCVAfCMBxxzu3Pegikz3uf9QgDyWWM+xBKWsh6CCRiKesBgG44TNFd24/qX7P4a/WsBwC6IcYAYAAxBgADiDEAGECMAcAAYgwABhDjLpxz1axnAJAPuTzP2Hu/O+bS5X7ObFtdXdXFixdVKOTyl3VovPdaXl7W5ORkPy9rpTUPkIRcVsN7/66LeRle3Kv1JOnw4cP6+c9/ruuuu27g2dBdu91Wo9HQ008/rZ07d/bz0plPrqiMo+6cWxlgPGBguYyxc64maTat/cOQq6fTFAQDHV3b470/E2ehc+6wpAcHeRNgULmMcZoKhQIxTpFzTu12e6Bf47g/DUma6ntzYJP4Ag/4vEbWAyB/iDEAGECMAcAAYgwABhBjADCAGAOAAcQYAAwgxgmamuL01GHw3qtcLmc9BpAoLvrownvvP/roo9jXQ9dqNe5LMQTOOZ06dUrtdjv2a5rNprZs2aJSqZTiZMDgXE4f8bamGJdDr66u6gc/+IGiKIp1U5ogCPq6lwUG1+l0+noK8Llz5/TjH/9Y+/bti7P8sHPugYGHQ6ZGtWkcpujBex/7N9d7T4yHZFT/hwOuhZ+peygUCn3db4JIDEe/96YoFAqD3mAIGAr+dAKAAcQYAAzgMAUSEwSBoihSq9X/QzWKxaLCMOQwD3KLGCMxrVZLxWJRxWKx79dGUaR2u80XoMgtYozEfPjhh/rud7+r++67r+/XPvPMM3r33Xe1uLiYwmSAfcQYiZqamur3QaGSeFQVwBd4SNQgx4sl9XU1HTCOiDEAGECMAcAAYgwABhBjADCAGAOAAcQYAAwgxgBgADEGAAOIMQAYQIyRmFarNfCDQsMw5Co85Br3pkBiyuWyjh8/runp6b5fe+nSpYFeB4wLYozEVCoVvf3223r99dcHem25XFan00lhMsA+YozEdDodTU9PD/wJlxAjzzhmDAAGEGMAMIAYA4ABxBgADCDGAGAAMQYAA4gxABhAjAHAAGIMAAYQYwAwgBgDgAHEGAAMIMYAYAAxBgADiDEAGECMAcAAYgwABhBjADCAGAOAAcQYAAwgxgBgADEGAAOIMQAYQIwBwABiDAAGEGMAMIAYA4ABxBgADCDGAGAAMQYAA4gxABhAjAHAAGIMAAYQYwAwgBgDgAHEGAAMKGQ9gGWdTkfValX1el2Fwvj+Ui0sLGhmZkadTifrUYDcGt/CJKBYLOrb3/622u22wjDMepzUHD16VH/5y180PT2d9ShAbhHjLkqlkh555JGsxxiKP/7xj8QYyBDHjKEoisb6kz8wCogxABhAjAHAAGIMAAYQYwAwgBgDgAHEGAAMyGuMZ7MewJJisah2u531GECu5fWij5NKOMje+y3OOddr3enTp/XGG2+oWCwm+fabcvToUS0sLGQ9BpBreY3xrqQ3dM79h6Rv9lp35swZvfDCC7r++uuTHmFg3JsCyF4uY+yci5Le03t/Oc66yclJ3XzzzVpcXEx6hE0hxEC28nrMOA1TWQ8AYHQRY+DzEv/JCegll4cpgB7mvPc7eqy56JxbGco0I8B7f72kUtZzSNqQVM16iEEQY+DzvirpRI81P5L09BBmGRX/Lun+rIeQ9Laku7MeYhAcpgCQhMmsB/jEyH7AJMYAklDPeoBPtLIeYFDEGAAMIMYAYMDIHl8ZZbVazdTl0L0Ui0UFQSDvfdajAGOLGA/Z5OSklpaWzF2B1029Xlen01GMW28AGBAxHrJbb73Vv/TSSyNTtUajoZ/85CdaWVlRqWThNFJgPBHjIXPOuVGKWqlU4hAFMAR8gYeuGo1G1iMkwnuvcrmc9RjANfHJGLkwMTGhkydPanb26rexbjQaqlQqmp+fj7tlrLv04fPOnTunjY0NhWHYc2273VapVNLy8vIQJssWMUYubNmyRb/85S/16quvXvXff/jhh/rOd76jRx55JO6W13vvb9zkWKvOudom9xg5L7/8so4cOaJKpdJz7YULF7R371799Kc/HcJk2SLGyAXvvZxzKhSu/Ue+27+7ih967/9pMzM55w5K+tfN7DGqCoVCrF/viYmJIUxjAzFGbgTBtb8iKRQKsX5s/qw4j9nqwcr9HIbq0xB3+/34VBiGff++jCq+wAOyMx7fjiIRxBgADCDGydnslzkAcoxjxsn5Z0k7U9j3i5K+n8K+AAwhxglxzr2Rxr7e+1tEjIGxx2EK+/4m6wEApI8YA4ABxBiQ1Gq1cnWBAezhmDGgKzfQX11d1blz5wbeo9FoaHZ2tp/7W5wZ+M3s4V4dm0SMAUnLy8v63e9+pzfffHPgPc6cOaPvfe97evDBB+O+5HHv/d8N/IbSKefc05t4fVfe+0cl3RVz+b605sgLYgxk528/+WdQlySlFmNJj0r6aor74zOIMbqamJjwkkbmySSD8t7HuldCN3Hvt5CgP6e8/9mU98dnEOMx8vzzz3e9Z++AXBRFI/UAVWAUEeMxcvLkSR0/fjzRJ1oEQaC5uTmFYcijl4AUEeMxMjs7q7m5uX6+zY+NEAPp4jxjADCAGAOAAcQYwLXk7vl8WeKYMZCQVqul6enpYb7lovf+oRT3vyONTcMwVLvdTmPrkUaMgYSUSiWdPXtWJ06cGHiPyclJ3XTTTXGX3yzptYHfLEHnzp1TrRbvg/T6+jr3AbkKYgwkZHl5Wb/97W/161//eqDXr66u6gtf+IKef/75ZAcbgldeeUVvvvmmKpVKz7XFYlELCwucofNXiDGQkE6no4mJiViPoL+aer0+shfXFItFTU1NxZo/CAJCfBXEGEiQc07ODXb1+JAvpU5cEAQj/9+QJWKcU0EQKIoira2t9VxbqVT4NAOkjBjnVBRFWlpa0pe+9KWu61qtlo4dO6Zms6kwDIc0HZA/xDinLl68qLvuuksHDhzoufbgwYOq1WrDPm0LyBUO8ORUEARqtVo91zUajSFMA4AYA4ABxBgw4tNT40bR5OSkOp1O1mOMNI4ZA0YUi0VtbGzonXfeibW+0Who9+7dWl5eTnyW1dVVHT16NPb6arWqUqmU+Bx5QowBI2ZmZrSysqLnnnsu1vrTp0/rqaee0v79+xOf5cKFC3ryySdVKBRinUWzsLCg+fl5Ph1vAjEGjOh0OgrDMPYn3Xa7rZmZmVRmCcNQS0tLmpqain0hByHeHI4ZA4ABxBgADOAwxZjpdDqxflzkR0rAFmI8RjY2NhRFkaampnqurdfriqJoCFMBiIMYj5GDBw/2dcVcuVxOcRoA/SDGY6SPJ0QAMIYv8ADAAGIMAAYQYwAwgBgDgAHEGBhRrVYrtTNi5ubmeMzWkHE2BTCilpaWdOjQIf3+979PfO9araapqamBH66K/hFjYETNzMzo6NGjqVy8UygUtGXLFj4dDxExto8rM3BVnU5Hs7Ozmp2dTWV/QjxcxNi+9yT9LIV9H5WUzv/FAPpGjI1zzv23pH9Iel/v/X0ixoAZnE2RQ977UNJk1nMA+H/EGAAMIMYAYAAxBgADiDEAGECMAcAATm1DV+12W+fPn9epU6e0sLAQ6zWlUknz8/M8Zw/oAzFGV8Vi0T/++OOu0WioUIj3x+XYsWM6dOiQFhcXU54OGB/EGF0559zevXv7ek0QBPrFL35BjIE+cMwYiavVarE/RQO4ghgDgAHEGAAMIMYAYAAxBgADiDEAGECMAcAAzj8CMFRBEKjZbGplZaXn2o8//jjWunFAjPNra9YDIJ+azaZmZmZ0++2391x7+fJl7dixYwhTZY8Y55Bzru29/6qkqT5e9hVJ309pJOTI2tqatm7dqoMHD2Y9iinEOKecc2/0s957XxcxRgKCgK+qroZfFcR1Q9YDAOOMGAOAAcQYAAwgxgBgADEGAAOIMQAYQIwBwADOMwaQCO99rHUpP6j2pjQ3TxMxRuKiKFK1WlWxWOy5dmpqSuVymSdJj7ggCBRFkVqtVs+1tVpNGxsb/Wz/tqTTMdce72djS4gxErd161bde++9Wlpa6rn2/PnzqlarmpycHMJkSMuFCxf0rW99S3v27Om5tl6va3p6up/tDzjn3ou7OO4ndGuIMRJ355136s4774y19q233tKzzz6rbdu2pTwV0lSr1bR9+3bt3Lkzje1vkBQ7xqOKL/CQqSiKeJL0GCgUCmo0GlmPMdKIMQAYQIwBwABiDAAGEGMAMIAYA4ABxBgADCDGAGAAJ3giU+vr66pWq5qYmOi6LgxDLS4uyjk3sldYjZIgCLS6uqp6vR5rfbVa1eXLl1OearwRY8R1SNJtfa6/udei7du366GHHtL8/HzXda1WS++//77a7TYPtByCKIp022239fx9+dTq6mq/V1H+o6TfxFz7P/1sPKpcHj9lOOeyHmHsee//JOnWBPfzBw4ccPV6nftYDMHZs2f15JNPxr6sfQBfcc69lcbGo9o0PmJgJFy8eJG/QYcoDENFUZTmW1TS3HwUEWMAMIAYA4ABxBgADCDGAGAAMQYAA4gxABhAjAHAAGKMVHjvv5j1DDCtlPUA1nA5NFLhnHtG0o0xlt4uqfcjhWHdf0k628f6P6c1yKgixkiFc+5HcdZ57x+T9G8pj4P0PeGcG/snOKeJGCNrXBY7JEEQaGVlRevr6z3XVqvVWOs+42ZJxHgTiDGQEysrK7r33nu1e/funmsvX74cax2SQ4yBnFhbW9OePXu0d+/erEfBVXA2BZAThUJBtVot6zFwDcQYAAwgxgBgADEGAAOIMQAYQIwBwABObQN05YKIWq0W63Hz5XJZMzMz6nQ6Q5js6oIgULPZ1Mcffxz7NQNcyIEhIsaArlzksGPHjliPmz9x4oROnz6tUim7e91EUaSFhQXt27cv9mtWVla0c+fOtEbixj+bRIwBSefPn9ejjz6q/fv391z76quv6r333ss0xmtra7rlllv02GOPpfk2xySdj7n2dJqD5AExBnTlgoi4P8JHUaQwDFOeqLswDNVut9N+mx865/4z7TfBFXyBB+BaZrMeIE+IMQAYQIwBwABiDAAGEGMAMIAYA4ABxBgADOA8Y4w1732sy5ZbrVZf5+222+3Y64MgkHMu9t6GcFXdEBFjjC3nnDqdTioXR/QTb+ecgiCQ9z7xOfpwRtJv+nzNu2kMgqsjxhhbH330kb7+9a/r/vvv77m21WppYWEh1r7f+MY3dM8996hQiPe/z+HDh/X6669raWkp1vqUvOec+/ssB0B3xBhja2NjQ5VKRTfeeGOi+y4uLmpxcTH2+kqloo2NjURnGACHHIzjCzyMrUKhoHq9nvUYqtfrsT9FI7+IMQAYQIwBwABiDAAGEGMAMIAYA4ABxBgADCDGAGAAJz8iaxeyHmBY4twjIwj4fJRXxBip8N5vl/TlGEt7P455eH4m6V9irp2V9LakhV4Lm82mLl261PNy6zAMNTk5GfPtMW6IMdLyZUmvZD1En0455/437mLvfaw7BT3wwAO6++67ez5Rulqt6sUXX1ShUOATcg4RY6Ql85sxDCD205C992VJ3ev6iUqlokql0nNduVxWq9Xi0umc4q9fwIharTaq9z1GAogxABhAjAHAAGIMAAYQYwAwgBgDgAHEGCOhn8ccjSpOacs3fveRqRMnTujIkSOane1+iu/6+rq89z0vnLDIe++bzWbPc9YsPCIK2SHGyNQf/vAHPfvss9q2bVvXdWEYanl5WYVCIetH3vftV7/6lXvttddiPR26WCxyrnFOEWNkam5uTtu2bdMNN9wQa/2ohVi6cjHHqVOneq5zzml6enok/xuxecQYSNnExIRmZ2c1PT3dcy0hzi++wAMAA4gxABhAjAHAAGIMAAYQYwAwgBgDgAHEGAAM4DxjZGptbU0ffPBBKnt/8MEHWltbS2XvfjSbTbVaLTUajcT2jKJIzWYzsf2QPWKMTN1xxx164oknND8/n/je6+vr2r17d+L79mtiYkLFYlHFYjGxPaenpxPdD9kjxsjUrl27tGvXrqzHSNXDDz+sr33ta4nela3T6fAE6TFDjIGUlUollUqlrMeAcfzVCgAGEGMAMIAYA4ABxBgADCDGAGAAMQYAA4gxABhAjJGWUTyxdqrP9QtpDJGSnVkPgO646ANpufTJP6Ok1sfalqTHNTp/6ZzJegB053gAIgBkj8MUAGAAMQYAA4gxABhAjAHAAGIMAAYQYwAwgBgDgAHEGAAMIMYAYAAxBgADiDEAGECMAcAAYgwABhBjADCAGAOAAcQYAAwgxgBgADEGAAOIMQAYQIwBwABiDAAGEGMAMOD/AKaTWGQwyKlQAAAAAElFTkSuQmCC', 600, 6),
    ('Lipstick', 'iVBORw0KGgoAAAANSUhEUgAAAWMAAAFGCAYAAAC/o/5kAAAACXBIWXMAAAsTAAALEwEAmpwYAAAF8WlUWHRYTUw6Y29tLmFkb2JlLnhtcAAAAAAAPD94cGFja2V0IGJlZ2luPSLvu78iIGlkPSJXNU0wTXBDZWhpSHpyZVN6TlRjemtjOWQiPz4gPHg6eG1wbWV0YSB4bWxuczp4PSJhZG9iZTpuczptZXRhLyIgeDp4bXB0az0iQWRvYmUgWE1QIENvcmUgNi4wLWMwMDIgNzkuMTY0NDg4LCAyMDIwLzA3LzEwLTIyOjA2OjUzICAgICAgICAiPiA8cmRmOlJERiB4bWxuczpyZGY9Imh0dHA6Ly93d3cudzMub3JnLzE5OTkvMDIvMjItcmRmLXN5bnRheC1ucyMiPiA8cmRmOkRlc2NyaXB0aW9uIHJkZjphYm91dD0iIiB4bWxuczp4bXA9Imh0dHA6Ly9ucy5hZG9iZS5jb20veGFwLzEuMC8iIHhtbG5zOmRjPSJodHRwOi8vcHVybC5vcmcvZGMvZWxlbWVudHMvMS4xLyIgeG1sbnM6cGhvdG9zaG9wPSJodHRwOi8vbnMuYWRvYmUuY29tL3Bob3Rvc2hvcC8xLjAvIiB4bWxuczp4bXBNTT0iaHR0cDovL25zLmFkb2JlLmNvbS94YXAvMS4wL21tLyIgeG1sbnM6c3RFdnQ9Imh0dHA6Ly9ucy5hZG9iZS5jb20veGFwLzEuMC9zVHlwZS9SZXNvdXJjZUV2ZW50IyIgeG1wOkNyZWF0b3JUb29sPSJBZG9iZSBQaG90b3Nob3AgMjIuMCAoV2luZG93cykiIHhtcDpDcmVhdGVEYXRlPSIyMDIzLTA0LTEwVDE2OjMzOjU3KzA3OjAwIiB4bXA6TW9kaWZ5RGF0ZT0iMjAyMy0wNC0xMFQxNjozODo0NiswNzowMCIgeG1wOk1ldGFkYXRhRGF0ZT0iMjAyMy0wNC0xMFQxNjozODo0NiswNzowMCIgZGM6Zm9ybWF0PSJpbWFnZS9wbmciIHBob3Rvc2hvcDpDb2xvck1vZGU9IjMiIHBob3Rvc2hvcDpJQ0NQcm9maWxlPSJzUkdCIElFQzYxOTY2LTIuMSIgeG1wTU06SW5zdGFuY2VJRD0ieG1wLmlpZDo2ZDc3YjQxOC00NTViLWVjNGEtYmIyMi03NzcxNzk5MmZjOGEiIHhtcE1NOkRvY3VtZW50SUQ9ImFkb2JlOmRvY2lkOnBob3Rvc2hvcDo3ZTNmYzk4OC1kMDZkLTcyNDItOWM3ZS1jOGFjOGQ3NTJkYjAiIHhtcE1NOk9yaWdpbmFsRG9jdW1lbnRJRD0ieG1wLmRpZDo5MDc3MmE2Yi0zMzc2LWM1NGYtOGMwMy0xMWZjMWZmY2M5OTkiPiA8eG1wTU06SGlzdG9yeT4gPHJkZjpTZXE+IDxyZGY6bGkgc3RFdnQ6YWN0aW9uPSJjcmVhdGVkIiBzdEV2dDppbnN0YW5jZUlEPSJ4bXAuaWlkOjkwNzcyYTZiLTMzNzYtYzU0Zi04YzAzLTExZmMxZmZjYzk5OSIgc3RFdnQ6d2hlbj0iMjAyMy0wNC0xMFQxNjozMzo1NyswNzowMCIgc3RFdnQ6c29mdHdhcmVBZ2VudD0iQWRvYmUgUGhvdG9zaG9wIDIyLjAgKFdpbmRvd3MpIi8+IDxyZGY6bGkgc3RFdnQ6YWN0aW9uPSJzYXZlZCIgc3RFdnQ6aW5zdGFuY2VJRD0ieG1wLmlpZDo2ZDc3YjQxOC00NTViLWVjNGEtYmIyMi03NzcxNzk5MmZjOGEiIHN0RXZ0OndoZW49IjIwMjMtMDQtMTBUMTY6Mzg6NDYrMDc6MDAiIHN0RXZ0OnNvZnR3YXJlQWdlbnQ9IkFkb2JlIFBob3Rvc2hvcCAyMi4wIChXaW5kb3dzKSIgc3RFdnQ6Y2hhbmdlZD0iLyIvPiA8L3JkZjpTZXE+IDwveG1wTU06SGlzdG9yeT4gPC9yZGY6RGVzY3JpcHRpb24+IDwvcmRmOlJERj4gPC94OnhtcG1ldGE+IDw/eHBhY2tldCBlbmQ9InIiPz5jA+VAAAATUElEQVR4nO3dS4xc5ZmH8f93TnV3VXf1zdVqwGAPdoSCZS6yFMssBoUJihNxiUBZkCyQImWErMwCE2WkSZREGgkEAxs0QkEDsyKzCFIUZmEnKANhA4qlbCJhiK2JHM/gS2Fs2t0ud5+6frMwaFCwq05Vn1PnrTrPT2LFV1+92OZx9alzcd57AQCyFWQ9AACAGAOACcQYAAwgxgBgADEGAAOIMQAYQIwBwABiDAAGEGMAMIAYA4ABxBgADCDGAGAAMQYAA4gxABhAjAHAAGIMAAYQYwAwgBgDgAHEGAAMIMYAYAAxBgADiDEAGFDIeoAsOOdirfPeXy/pT5LCVAfCMBxxzu3Pegikz3uf9QgDyWWM+xBKWsh6CCRiKesBgG44TNFd24/qX7P4a/WsBwC6IcYAYAAxBgADiDEAGECMAcAAYgwABhDjLpxz1axnAJAPuTzP2Hu/O+bS5X7ObFtdXdXFixdVKOTyl3VovPdaXl7W5ORkPy9rpTUPkIRcVsN7/66LeRle3Kv1JOnw4cP6+c9/ruuuu27g2dBdu91Wo9HQ008/rZ07d/bz0plPrqiMo+6cWxlgPGBguYyxc64maTat/cOQq6fTFAQDHV3b470/E2ehc+6wpAcHeRNgULmMcZoKhQIxTpFzTu12e6Bf47g/DUma6ntzYJP4Ag/4vEbWAyB/iDEAGECMAcAAYgwABhBjADCAGAOAAcQYAAwgxgmamuL01GHw3qtcLmc9BpAoLvrownvvP/roo9jXQ9dqNe5LMQTOOZ06dUrtdjv2a5rNprZs2aJSqZTiZMDgXE4f8bamGJdDr66u6gc/+IGiKIp1U5ogCPq6lwUG1+l0+noK8Llz5/TjH/9Y+/bti7P8sHPugYGHQ6ZGtWkcpujBex/7N9d7T4yHZFT/hwOuhZ+peygUCn3db4JIDEe/96YoFAqD3mAIGAr+dAKAAcQYAAzgMAUSEwSBoihSq9X/QzWKxaLCMOQwD3KLGCMxrVZLxWJRxWKx79dGUaR2u80XoMgtYozEfPjhh/rud7+r++67r+/XPvPMM3r33Xe1uLiYwmSAfcQYiZqamur3QaGSeFQVwBd4SNQgx4sl9XU1HTCOiDEAGECMAcAAYgwABhBjADCAGAOAAcQYAAwgxgBgADEGAAOIMQAYQIyRmFarNfCDQsMw5Co85Br3pkBiyuWyjh8/runp6b5fe+nSpYFeB4wLYozEVCoVvf3223r99dcHem25XFan00lhMsA+YozEdDodTU9PD/wJlxAjzzhmDAAGEGMAMIAYA4ABxBgADCDGAGAAMQYAA4gxABhAjAHAAGIMAAYQYwAwgBgDgAHEGAAMIMYAYAAxBgADiDEAGECMAcAAYgwABhBjADCAGAOAAcQYAAwgxgBgADEGAAOIMQAYQIwBwABiDAAGEGMAMIAYA4ABxBgADCDGAGAAMQYAA4gxABhAjAHAAGIMAAYQYwAwgBgDgAHEGAAMKGQ9gGWdTkfValX1el2Fwvj+Ui0sLGhmZkadTifrUYDcGt/CJKBYLOrb3/622u22wjDMepzUHD16VH/5y180PT2d9ShAbhHjLkqlkh555JGsxxiKP/7xj8QYyBDHjKEoisb6kz8wCogxABhAjAHAAGIMAAYQYwAwgBgDgAHEGAAMyGuMZ7MewJJisah2u531GECu5fWij5NKOMje+y3OOddr3enTp/XGG2+oWCwm+fabcvToUS0sLGQ9BpBreY3xrqQ3dM79h6Rv9lp35swZvfDCC7r++uuTHmFg3JsCyF4uY+yci5Le03t/Oc66yclJ3XzzzVpcXEx6hE0hxEC28nrMOA1TWQ8AYHQRY+DzEv/JCegll4cpgB7mvPc7eqy56JxbGco0I8B7f72kUtZzSNqQVM16iEEQY+DzvirpRI81P5L09BBmGRX/Lun+rIeQ9Laku7MeYhAcpgCQhMmsB/jEyH7AJMYAklDPeoBPtLIeYFDEGAAMIMYAYMDIHl8ZZbVazdTl0L0Ui0UFQSDvfdajAGOLGA/Z5OSklpaWzF2B1029Xlen01GMW28AGBAxHrJbb73Vv/TSSyNTtUajoZ/85CdaWVlRqWThNFJgPBHjIXPOuVGKWqlU4hAFMAR8gYeuGo1G1iMkwnuvcrmc9RjANfHJGLkwMTGhkydPanb26rexbjQaqlQqmp+fj7tlrLv04fPOnTunjY0NhWHYc2273VapVNLy8vIQJssWMUYubNmyRb/85S/16quvXvXff/jhh/rOd76jRx55JO6W13vvb9zkWKvOudom9xg5L7/8so4cOaJKpdJz7YULF7R371799Kc/HcJk2SLGyAXvvZxzKhSu/Ue+27+7ih967/9pMzM55w5K+tfN7DGqCoVCrF/viYmJIUxjAzFGbgTBtb8iKRQKsX5s/qw4j9nqwcr9HIbq0xB3+/34VBiGff++jCq+wAOyMx7fjiIRxBgADCDGydnslzkAcoxjxsn5Z0k7U9j3i5K+n8K+AAwhxglxzr2Rxr7e+1tEjIGxx2EK+/4m6wEApI8YA4ABxBiQ1Gq1cnWBAezhmDGgKzfQX11d1blz5wbeo9FoaHZ2tp/7W5wZ+M3s4V4dm0SMAUnLy8v63e9+pzfffHPgPc6cOaPvfe97evDBB+O+5HHv/d8N/IbSKefc05t4fVfe+0cl3RVz+b605sgLYgxk528/+WdQlySlFmNJj0r6aor74zOIMbqamJjwkkbmySSD8t7HuldCN3Hvt5CgP6e8/9mU98dnEOMx8vzzz3e9Z++AXBRFI/UAVWAUEeMxcvLkSR0/fjzRJ1oEQaC5uTmFYcijl4AUEeMxMjs7q7m5uX6+zY+NEAPp4jxjADCAGAOAAcQYwLXk7vl8WeKYMZCQVqul6enpYb7lovf+oRT3vyONTcMwVLvdTmPrkUaMgYSUSiWdPXtWJ06cGHiPyclJ3XTTTXGX3yzptYHfLEHnzp1TrRbvg/T6+jr3AbkKYgwkZHl5Wb/97W/161//eqDXr66u6gtf+IKef/75ZAcbgldeeUVvvvmmKpVKz7XFYlELCwucofNXiDGQkE6no4mJiViPoL+aer0+shfXFItFTU1NxZo/CAJCfBXEGEiQc07ODXb1+JAvpU5cEAQj/9+QJWKcU0EQKIoira2t9VxbqVT4NAOkjBjnVBRFWlpa0pe+9KWu61qtlo4dO6Zms6kwDIc0HZA/xDinLl68qLvuuksHDhzoufbgwYOq1WrDPm0LyBUO8ORUEARqtVo91zUajSFMA4AYA4ABxBgw4tNT40bR5OSkOp1O1mOMNI4ZA0YUi0VtbGzonXfeibW+0Who9+7dWl5eTnyW1dVVHT16NPb6arWqUqmU+Bx5QowBI2ZmZrSysqLnnnsu1vrTp0/rqaee0v79+xOf5cKFC3ryySdVKBRinUWzsLCg+fl5Ph1vAjEGjOh0OgrDMPYn3Xa7rZmZmVRmCcNQS0tLmpqain0hByHeHI4ZA4ABxBgADOAwxZjpdDqxflzkR0rAFmI8RjY2NhRFkaampnqurdfriqJoCFMBiIMYj5GDBw/2dcVcuVxOcRoA/SDGY6SPJ0QAMIYv8ADAAGIMAAYQYwAwgBgDgAHEGBhRrVYrtTNi5ubmeMzWkHE2BTCilpaWdOjQIf3+979PfO9araapqamBH66K/hFjYETNzMzo6NGjqVy8UygUtGXLFj4dDxExto8rM3BVnU5Hs7Ozmp2dTWV/QjxcxNi+9yT9LIV9H5WUzv/FAPpGjI1zzv23pH9Iel/v/X0ixoAZnE2RQ977UNJk1nMA+H/EGAAMIMYAYAAxBgADiDEAGECMAcAATm1DV+12W+fPn9epU6e0sLAQ6zWlUknz8/M8Zw/oAzFGV8Vi0T/++OOu0WioUIj3x+XYsWM6dOiQFhcXU54OGB/EGF0559zevXv7ek0QBPrFL35BjIE+cMwYiavVarE/RQO4ghgDgAHEGAAMIMYAYAAxBgADiDEAGECMAcAAzj8CMFRBEKjZbGplZaXn2o8//jjWunFAjPNra9YDIJ+azaZmZmZ0++2391x7+fJl7dixYwhTZY8Y55Bzru29/6qkqT5e9hVJ309pJOTI2tqatm7dqoMHD2Y9iinEOKecc2/0s957XxcxRgKCgK+qroZfFcR1Q9YDAOOMGAOAAcQYAAwgxgBgADEGAAOIMQAYQIwBwADOMwaQCO99rHUpP6j2pjQ3TxMxRuKiKFK1WlWxWOy5dmpqSuVymSdJj7ggCBRFkVqtVs+1tVpNGxsb/Wz/tqTTMdce72djS4gxErd161bde++9Wlpa6rn2/PnzqlarmpycHMJkSMuFCxf0rW99S3v27Om5tl6va3p6up/tDzjn3ou7OO4ndGuIMRJ355136s4774y19q233tKzzz6rbdu2pTwV0lSr1bR9+3bt3Lkzje1vkBQ7xqOKL/CQqSiKeJL0GCgUCmo0GlmPMdKIMQAYQIwBwABiDAAGEGMAMIAYA4ABxBgADCDGAGAAJ3giU+vr66pWq5qYmOi6LgxDLS4uyjk3sldYjZIgCLS6uqp6vR5rfbVa1eXLl1OearwRY8R1SNJtfa6/udei7du366GHHtL8/HzXda1WS++//77a7TYPtByCKIp022239fx9+dTq6mq/V1H+o6TfxFz7P/1sPKpcHj9lOOeyHmHsee//JOnWBPfzBw4ccPV6nftYDMHZs2f15JNPxr6sfQBfcc69lcbGo9o0PmJgJFy8eJG/QYcoDENFUZTmW1TS3HwUEWMAMIAYA4ABxBgADCDGAGAAMQYAA4gxABhAjAHAAGKMVHjvv5j1DDCtlPUA1nA5NFLhnHtG0o0xlt4uqfcjhWHdf0k628f6P6c1yKgixkiFc+5HcdZ57x+T9G8pj4P0PeGcG/snOKeJGCNrXBY7JEEQaGVlRevr6z3XVqvVWOs+42ZJxHgTiDGQEysrK7r33nu1e/funmsvX74cax2SQ4yBnFhbW9OePXu0d+/erEfBVXA2BZAThUJBtVot6zFwDcQYAAwgxgBgADEGAAOIMQAYQIwBwABObQN05YKIWq0W63Hz5XJZMzMz6nQ6Q5js6oIgULPZ1Mcffxz7NQNcyIEhIsaArlzksGPHjliPmz9x4oROnz6tUim7e91EUaSFhQXt27cv9mtWVla0c+fOtEbixj+bRIwBSefPn9ejjz6q/fv391z76quv6r333ss0xmtra7rlllv02GOPpfk2xySdj7n2dJqD5AExBnTlgoi4P8JHUaQwDFOeqLswDNVut9N+mx865/4z7TfBFXyBB+BaZrMeIE+IMQAYQIwBwABiDAAGEGMAMIAYA4ABxBgADOA8Y4w1732sy5ZbrVZf5+222+3Y64MgkHMu9t6GcFXdEBFjjC3nnDqdTioXR/QTb+ecgiCQ9z7xOfpwRtJv+nzNu2kMgqsjxhhbH330kb7+9a/r/vvv77m21WppYWEh1r7f+MY3dM8996hQiPe/z+HDh/X6669raWkp1vqUvOec+/ssB0B3xBhja2NjQ5VKRTfeeGOi+y4uLmpxcTH2+kqloo2NjURnGACHHIzjCzyMrUKhoHq9nvUYqtfrsT9FI7+IMQAYQIwBwABiDAAGEGMAMIAYA4ABxBgADCDGAGAAJz8iaxeyHmBY4twjIwj4fJRXxBip8N5vl/TlGEt7P455eH4m6V9irp2V9LakhV4Lm82mLl261PNy6zAMNTk5GfPtMW6IMdLyZUmvZD1En0455/437mLvfaw7BT3wwAO6++67ez5Rulqt6sUXX1ShUOATcg4RY6Ql85sxDCD205C992VJ3ev6iUqlokql0nNduVxWq9Xi0umc4q9fwIharTaq9z1GAogxABhAjAHAAGIMAAYQYwAwgBgDgAHEGCOhn8ccjSpOacs3fveRqRMnTujIkSOane1+iu/6+rq89z0vnLDIe++bzWbPc9YsPCIK2SHGyNQf/vAHPfvss9q2bVvXdWEYanl5WYVCIetH3vftV7/6lXvttddiPR26WCxyrnFOEWNkam5uTtu2bdMNN9wQa/2ohVi6cjHHqVOneq5zzml6enok/xuxecQYSNnExIRmZ2c1PT3dcy0hzi++wAMAA4gxABhAjAHAAGIMAAYQYwAwgBgDgAHEGAAM4DxjZGptbU0ffPBBKnt/8MEHWltbS2XvfjSbTbVaLTUajcT2jKJIzWYzsf2QPWKMTN1xxx164oknND8/n/je6+vr2r17d+L79mtiYkLFYlHFYjGxPaenpxPdD9kjxsjUrl27tGvXrqzHSNXDDz+sr33ta4nela3T6fAE6TFDjIGUlUollUqlrMeAcfzVCgAGEGMAMIAYA4ABxBgADCDGAGAAMQYAA4gxABhAjJGWUTyxdqrP9QtpDJGSnVkPgO646ANpufTJP6Ok1sfalqTHNTp/6ZzJegB053gAIgBkj8MUAGAAMQYAA4gxABhAjAHAAGIMAAYQYwAwgBgDgAHEGAAMIMYAYAAxBgADiDEAGECMAcAAYgwABhBjADCAGAOAAcQYAAwgxgBgADEGAAOIMQAYQIwBwABiDAAGEGMAMOD/AKaTWGQwyKlQAAAAAElFTkSuQmCC', 15, 7),
    ('Shampoo', 'iVBORw0KGgoAAAANSUhEUgAAAWMAAAFGCAYAAAC/o/5kAAAACXBIWXMAAAsTAAALEwEAmpwYAAAF8WlUWHRYTUw6Y29tLmFkb2JlLnhtcAAAAAAAPD94cGFja2V0IGJlZ2luPSLvu78iIGlkPSJXNU0wTXBDZWhpSHpyZVN6TlRjemtjOWQiPz4gPHg6eG1wbWV0YSB4bWxuczp4PSJhZG9iZTpuczptZXRhLyIgeDp4bXB0az0iQWRvYmUgWE1QIENvcmUgNi4wLWMwMDIgNzkuMTY0NDg4LCAyMDIwLzA3LzEwLTIyOjA2OjUzICAgICAgICAiPiA8cmRmOlJERiB4bWxuczpyZGY9Imh0dHA6Ly93d3cudzMub3JnLzE5OTkvMDIvMjItcmRmLXN5bnRheC1ucyMiPiA8cmRmOkRlc2NyaXB0aW9uIHJkZjphYm91dD0iIiB4bWxuczp4bXA9Imh0dHA6Ly9ucy5hZG9iZS5jb20veGFwLzEuMC8iIHhtbG5zOmRjPSJodHRwOi8vcHVybC5vcmcvZGMvZWxlbWVudHMvMS4xLyIgeG1sbnM6cGhvdG9zaG9wPSJodHRwOi8vbnMuYWRvYmUuY29tL3Bob3Rvc2hvcC8xLjAvIiB4bWxuczp4bXBNTT0iaHR0cDovL25zLmFkb2JlLmNvbS94YXAvMS4wL21tLyIgeG1sbnM6c3RFdnQ9Imh0dHA6Ly9ucy5hZG9iZS5jb20veGFwLzEuMC9zVHlwZS9SZXNvdXJjZUV2ZW50IyIgeG1wOkNyZWF0b3JUb29sPSJBZG9iZSBQaG90b3Nob3AgMjIuMCAoV2luZG93cykiIHhtcDpDcmVhdGVEYXRlPSIyMDIzLTA0LTEwVDE2OjMzOjU3KzA3OjAwIiB4bXA6TW9kaWZ5RGF0ZT0iMjAyMy0wNC0xMFQxNjozODo0NiswNzowMCIgeG1wOk1ldGFkYXRhRGF0ZT0iMjAyMy0wNC0xMFQxNjozODo0NiswNzowMCIgZGM6Zm9ybWF0PSJpbWFnZS9wbmciIHBob3Rvc2hvcDpDb2xvck1vZGU9IjMiIHBob3Rvc2hvcDpJQ0NQcm9maWxlPSJzUkdCIElFQzYxOTY2LTIuMSIgeG1wTU06SW5zdGFuY2VJRD0ieG1wLmlpZDo2ZDc3YjQxOC00NTViLWVjNGEtYmIyMi03NzcxNzk5MmZjOGEiIHhtcE1NOkRvY3VtZW50SUQ9ImFkb2JlOmRvY2lkOnBob3Rvc2hvcDo3ZTNmYzk4OC1kMDZkLTcyNDItOWM3ZS1jOGFjOGQ3NTJkYjAiIHhtcE1NOk9yaWdpbmFsRG9jdW1lbnRJRD0ieG1wLmRpZDo5MDc3MmE2Yi0zMzc2LWM1NGYtOGMwMy0xMWZjMWZmY2M5OTkiPiA8eG1wTU06SGlzdG9yeT4gPHJkZjpTZXE+IDxyZGY6bGkgc3RFdnQ6YWN0aW9uPSJjcmVhdGVkIiBzdEV2dDppbnN0YW5jZUlEPSJ4bXAuaWlkOjkwNzcyYTZiLTMzNzYtYzU0Zi04YzAzLTExZmMxZmZjYzk5OSIgc3RFdnQ6d2hlbj0iMjAyMy0wNC0xMFQxNjozMzo1NyswNzowMCIgc3RFdnQ6c29mdHdhcmVBZ2VudD0iQWRvYmUgUGhvdG9zaG9wIDIyLjAgKFdpbmRvd3MpIi8+IDxyZGY6bGkgc3RFdnQ6YWN0aW9uPSJzYXZlZCIgc3RFdnQ6aW5zdGFuY2VJRD0ieG1wLmlpZDo2ZDc3YjQxOC00NTViLWVjNGEtYmIyMi03NzcxNzk5MmZjOGEiIHN0RXZ0OndoZW49IjIwMjMtMDQtMTBUMTY6Mzg6NDYrMDc6MDAiIHN0RXZ0OnNvZnR3YXJlQWdlbnQ9IkFkb2JlIFBob3Rvc2hvcCAyMi4wIChXaW5kb3dzKSIgc3RFdnQ6Y2hhbmdlZD0iLyIvPiA8L3JkZjpTZXE+IDwveG1wTU06SGlzdG9yeT4gPC9yZGY6RGVzY3JpcHRpb24+IDwvcmRmOlJERj4gPC94OnhtcG1ldGE+IDw/eHBhY2tldCBlbmQ9InIiPz5jA+VAAAATUElEQVR4nO3dS4xc5ZmH8f93TnV3VXf1zdVqwGAPdoSCZS6yFMssBoUJihNxiUBZkCyQImWErMwCE2WkSZREGgkEAxs0QkEDsyKzCFIUZmEnKANhA4qlbCJhiK2JHM/gS2Fs2t0ud5+6frMwaFCwq05Vn1PnrTrPT2LFV1+92OZx9alzcd57AQCyFWQ9AACAGAOACcQYAAwgxgBgADEGAAOIMQAYQIwBwABiDAAGEGMAMIAYA4ABxBgADCDGAGAAMQYAA4gxABhAjAHAAGIMAAYQYwAwgBgDgAHEGAAMIMYAYAAxBgADiDEAGFDIeoAsOOdirfPeXy/pT5LCVAfCMBxxzu3Pegikz3uf9QgDyWWM+xBKWsh6CCRiKesBgG44TNFd24/qX7P4a/WsBwC6IcYAYAAxBgADiDEAGECMAcAAYgwABhDjLpxz1axnAJAPuTzP2Hu/O+bS5X7ObFtdXdXFixdVKOTyl3VovPdaXl7W5ORkPy9rpTUPkIRcVsN7/66LeRle3Kv1JOnw4cP6+c9/ruuuu27g2dBdu91Wo9HQ008/rZ07d/bz0plPrqiMo+6cWxlgPGBguYyxc64maTat/cOQq6fTFAQDHV3b470/E2ehc+6wpAcHeRNgULmMcZoKhQIxTpFzTu12e6Bf47g/DUma6ntzYJP4Ag/4vEbWAyB/iDEAGECMAcAAYgwABhBjADCAGAOAAcQYAAwgxgmamuL01GHw3qtcLmc9BpAoLvrownvvP/roo9jXQ9dqNe5LMQTOOZ06dUrtdjv2a5rNprZs2aJSqZTiZMDgXE4f8bamGJdDr66u6gc/+IGiKIp1U5ogCPq6lwUG1+l0+noK8Llz5/TjH/9Y+/bti7P8sHPugYGHQ6ZGtWkcpujBex/7N9d7T4yHZFT/hwOuhZ+peygUCn3db4JIDEe/96YoFAqD3mAIGAr+dAKAAcQYAAzgMAUSEwSBoihSq9X/QzWKxaLCMOQwD3KLGCMxrVZLxWJRxWKx79dGUaR2u80XoMgtYozEfPjhh/rud7+r++67r+/XPvPMM3r33Xe1uLiYwmSAfcQYiZqamur3QaGSeFQVwBd4SNQgx4sl9XU1HTCOiDEAGECMAcAAYgwABhBjADCAGAOAAcQYAAwgxgBgADEGAAOIMQAYQIyRmFarNfCDQsMw5Co85Br3pkBiyuWyjh8/runp6b5fe+nSpYFeB4wLYozEVCoVvf3223r99dcHem25XFan00lhMsA+YozEdDodTU9PD/wJlxAjzzhmDAAGEGMAMIAYA4ABxBgADCDGAGAAMQYAA4gxABhAjAHAAGIMAAYQYwAwgBgDgAHEGAAMIMYAYAAxBgADiDEAGECMAcAAYgwABhBjADCAGAOAAcQYAAwgxgBgADEGAAOIMQAYQIwBwABiDAAGEGMAMIAYA4ABxBgADCDGAGAAMQYAA4gxABhAjAHAAGIMAAYQYwAwgBgDgAHEGAAMKGQ9gGWdTkfValX1el2Fwvj+Ui0sLGhmZkadTifrUYDcGt/CJKBYLOrb3/622u22wjDMepzUHD16VH/5y180PT2d9ShAbhHjLkqlkh555JGsxxiKP/7xj8QYyBDHjKEoisb6kz8wCogxABhAjAHAAGIMAAYQYwAwgBgDgAHEGAAMyGuMZ7MewJJisah2u531GECu5fWij5NKOMje+y3OOddr3enTp/XGG2+oWCwm+fabcvToUS0sLGQ9BpBreY3xrqQ3dM79h6Rv9lp35swZvfDCC7r++uuTHmFg3JsCyF4uY+yci5Le03t/Oc66yclJ3XzzzVpcXEx6hE0hxEC28nrMOA1TWQ8AYHQRY+DzEv/JCegll4cpgB7mvPc7eqy56JxbGco0I8B7f72kUtZzSNqQVM16iEEQY+DzvirpRI81P5L09BBmGRX/Lun+rIeQ9Laku7MeYhAcpgCQhMmsB/jEyH7AJMYAklDPeoBPtLIeYFDEGAAMIMYAYMDIHl8ZZbVazdTl0L0Ui0UFQSDvfdajAGOLGA/Z5OSklpaWzF2B1029Xlen01GMW28AGBAxHrJbb73Vv/TSSyNTtUajoZ/85CdaWVlRqWThNFJgPBHjIXPOuVGKWqlU4hAFMAR8gYeuGo1G1iMkwnuvcrmc9RjANfHJGLkwMTGhkydPanb26rexbjQaqlQqmp+fj7tlrLv04fPOnTunjY0NhWHYc2273VapVNLy8vIQJssWMUYubNmyRb/85S/16quvXvXff/jhh/rOd76jRx55JO6W13vvb9zkWKvOudom9xg5L7/8so4cOaJKpdJz7YULF7R371799Kc/HcJk2SLGyAXvvZxzKhSu/Ue+27+7ih967/9pMzM55w5K+tfN7DGqCoVCrF/viYmJIUxjAzFGbgTBtb8iKRQKsX5s/qw4j9nqwcr9HIbq0xB3+/34VBiGff++jCq+wAOyMx7fjiIRxBgADCDGydnslzkAcoxjxsn5Z0k7U9j3i5K+n8K+AAwhxglxzr2Rxr7e+1tEjIGxx2EK+/4m6wEApI8YA4ABxBiQ1Gq1cnWBAezhmDGgKzfQX11d1blz5wbeo9FoaHZ2tp/7W5wZ+M3s4V4dm0SMAUnLy8v63e9+pzfffHPgPc6cOaPvfe97evDBB+O+5HHv/d8N/IbSKefc05t4fVfe+0cl3RVz+b605sgLYgxk528/+WdQlySlFmNJj0r6aor74zOIMbqamJjwkkbmySSD8t7HuldCN3Hvt5CgP6e8/9mU98dnEOMx8vzzz3e9Z++AXBRFI/UAVWAUEeMxcvLkSR0/fjzRJ1oEQaC5uTmFYcijl4AUEeMxMjs7q7m5uX6+zY+NEAPp4jxjADCAGAOAAcQYwLXk7vl8WeKYMZCQVqul6enpYb7lovf+oRT3vyONTcMwVLvdTmPrkUaMgYSUSiWdPXtWJ06cGHiPyclJ3XTTTXGX3yzptYHfLEHnzp1TrRbvg/T6+jr3AbkKYgwkZHl5Wb/97W/161//eqDXr66u6gtf+IKef/75ZAcbgldeeUVvvvmmKpVKz7XFYlELCwucofNXiDGQkE6no4mJiViPoL+aer0+shfXFItFTU1NxZo/CAJCfBXEGEiQc07ODXb1+JAvpU5cEAQj/9+QJWKcU0EQKIoira2t9VxbqVT4NAOkjBjnVBRFWlpa0pe+9KWu61qtlo4dO6Zms6kwDIc0HZA/xDinLl68qLvuuksHDhzoufbgwYOq1WrDPm0LyBUO8ORUEARqtVo91zUajSFMA4AYA4ABxBgw4tNT40bR5OSkOp1O1mOMNI4ZA0YUi0VtbGzonXfeibW+0Who9+7dWl5eTnyW1dVVHT16NPb6arWqUqmU+Bx5QowBI2ZmZrSysqLnnnsu1vrTp0/rqaee0v79+xOf5cKFC3ryySdVKBRinUWzsLCg+fl5Ph1vAjEGjOh0OgrDMPYn3Xa7rZmZmVRmCcNQS0tLmpqain0hByHeHI4ZA4ABxBgADOAwxZjpdDqxflzkR0rAFmI8RjY2NhRFkaampnqurdfriqJoCFMBiIMYj5GDBw/2dcVcuVxOcRoA/SDGY6SPJ0QAMIYv8ADAAGIMAAYQYwAwgBgDgAHEGBhRrVYrtTNi5ubmeMzWkHE2BTCilpaWdOjQIf3+979PfO9araapqamBH66K/hFjYETNzMzo6NGjqVy8UygUtGXLFj4dDxExto8rM3BVnU5Hs7Ozmp2dTWV/QjxcxNi+9yT9LIV9H5WUzv/FAPpGjI1zzv23pH9Iel/v/X0ixoAZnE2RQ977UNJk1nMA+H/EGAAMIMYAYAAxBgADiDEAGECMAcAATm1DV+12W+fPn9epU6e0sLAQ6zWlUknz8/M8Zw/oAzFGV8Vi0T/++OOu0WioUIj3x+XYsWM6dOiQFhcXU54OGB/EGF0559zevXv7ek0QBPrFL35BjIE+cMwYiavVarE/RQO4ghgDgAHEGAAMIMYAYAAxBgADiDEAGECMAcAAzj8CMFRBEKjZbGplZaXn2o8//jjWunFAjPNra9YDIJ+azaZmZmZ0++2391x7+fJl7dixYwhTZY8Y55Bzru29/6qkqT5e9hVJ309pJOTI2tqatm7dqoMHD2Y9iinEOKecc2/0s957XxcxRgKCgK+qroZfFcR1Q9YDAOOMGAOAAcQYAAwgxgBgADEGAAOIMQAYQIwBwADOMwaQCO99rHUpP6j2pjQ3TxMxRuKiKFK1WlWxWOy5dmpqSuVymSdJj7ggCBRFkVqtVs+1tVpNGxsb/Wz/tqTTMdce72djS4gxErd161bde++9Wlpa6rn2/PnzqlarmpycHMJkSMuFCxf0rW99S3v27Om5tl6va3p6up/tDzjn3ou7OO4ndGuIMRJ355136s4774y19q233tKzzz6rbdu2pTwV0lSr1bR9+3bt3Lkzje1vkBQ7xqOKL/CQqSiKeJL0GCgUCmo0GlmPMdKIMQAYQIwBwABiDAAGEGMAMIAYA4ABxBgADCDGAGAAJ3giU+vr66pWq5qYmOi6LgxDLS4uyjk3sldYjZIgCLS6uqp6vR5rfbVa1eXLl1OearwRY8R1SNJtfa6/udei7du366GHHtL8/HzXda1WS++//77a7TYPtByCKIp022239fx9+dTq6mq/V1H+o6TfxFz7P/1sPKpcHj9lOOeyHmHsee//JOnWBPfzBw4ccPV6nftYDMHZs2f15JNPxr6sfQBfcc69lcbGo9o0PmJgJFy8eJG/QYcoDENFUZTmW1TS3HwUEWMAMIAYA4ABxBgADCDGAGAAMQYAA4gxABhAjAHAAGKMVHjvv5j1DDCtlPUA1nA5NFLhnHtG0o0xlt4uqfcjhWHdf0k628f6P6c1yKgixkiFc+5HcdZ57x+T9G8pj4P0PeGcG/snOKeJGCNrXBY7JEEQaGVlRevr6z3XVqvVWOs+42ZJxHgTiDGQEysrK7r33nu1e/funmsvX74cax2SQ4yBnFhbW9OePXu0d+/erEfBVXA2BZAThUJBtVot6zFwDcQYAAwgxgBgADEGAAOIMQAYQIwBwABObQN05YKIWq0W63Hz5XJZMzMz6nQ6Q5js6oIgULPZ1Mcffxz7NQNcyIEhIsaArlzksGPHjliPmz9x4oROnz6tUim7e91EUaSFhQXt27cv9mtWVla0c+fOtEbixj+bRIwBSefPn9ejjz6q/fv391z76quv6r333ss0xmtra7rlllv02GOPpfk2xySdj7n2dJqD5AExBnTlgoi4P8JHUaQwDFOeqLswDNVut9N+mx865/4z7TfBFXyBB+BaZrMeIE+IMQAYQIwBwABiDAAGEGMAMIAYA4ABxBgADOA8Y4w1732sy5ZbrVZf5+222+3Y64MgkHMu9t6GcFXdEBFjjC3nnDqdTioXR/QTb+ecgiCQ9z7xOfpwRtJv+nzNu2kMgqsjxhhbH330kb7+9a/r/vvv77m21WppYWEh1r7f+MY3dM8996hQiPe/z+HDh/X6669raWkp1vqUvOec+/ssB0B3xBhja2NjQ5VKRTfeeGOi+y4uLmpxcTH2+kqloo2NjURnGACHHIzjCzyMrUKhoHq9nvUYqtfrsT9FI7+IMQAYQIwBwABiDAAGEGMAMIAYA4ABxBgADCDGAGAAJz8iaxeyHmBY4twjIwj4fJRXxBip8N5vl/TlGEt7P455eH4m6V9irp2V9LakhV4Lm82mLl261PNy6zAMNTk5GfPtMW6IMdLyZUmvZD1En0455/437mLvfaw7BT3wwAO6++67ez5Rulqt6sUXX1ShUOATcg4RY6Ql85sxDCD205C992VJ3ev6iUqlokql0nNduVxWq9Xi0umc4q9fwIharTaq9z1GAogxABhAjAHAAGIMAAYQYwAwgBgDgAHEGCOhn8ccjSpOacs3fveRqRMnTujIkSOane1+iu/6+rq89z0vnLDIe++bzWbPc9YsPCIK2SHGyNQf/vAHPfvss9q2bVvXdWEYanl5WYVCIetH3vftV7/6lXvttddiPR26WCxyrnFOEWNkam5uTtu2bdMNN9wQa/2ohVi6cjHHqVOneq5zzml6enok/xuxecQYSNnExIRmZ2c1PT3dcy0hzi++wAMAA4gxABhAjAHAAGIMAAYQYwAwgBgDgAHEGAAM4DxjZGptbU0ffPBBKnt/8MEHWltbS2XvfjSbTbVaLTUajcT2jKJIzWYzsf2QPWKMTN1xxx164oknND8/n/je6+vr2r17d+L79mtiYkLFYlHFYjGxPaenpxPdD9kjxsjUrl27tGvXrqzHSNXDDz+sr33ta4nela3T6fAE6TFDjIGUlUollUqlrMeAcfzVCgAGEGMAMIAYA4ABxBgADCDGAGAAMQYAA4gxABhAjJGWUTyxdqrP9QtpDJGSnVkPgO646ANpufTJP6Ok1sfalqTHNTp/6ZzJegB053gAIgBkj8MUAGAAMQYAA4gxABhAjAHAAGIMAAYQYwAwgBgDgAHEGAAMIMYAYAAxBgADiDEAGECMAcAAYgwABhBjADCAGAOAAcQYAAwgxgBgADEGAAOIMQAYQIwBwABiDAAGEGMAMOD/AKaTWGQwyKlQAAAAAElFTkSuQmCC', 10, 8);

-- Inserting data into Roles table
INSERT INTO Roles (ID, Name, Description)
VALUES
    (0, 'Customer', 'Normal user'),
    (1, 'Staff', 'Staff'),
    (2, 'Admin', 'Admin');

-- Inserting data into Customers table
INSERT INTO Customers (User_Name, Password, First_Name, Last_Name, Email, Mobile_phone, Address, Country)
VALUES
	('admin', '1', 'Minh', 'Hai', 'haivmhe181099@fpt.edu.vn', '+0848524304', '20/42 thi tran Tien Lang, Tien Lang, Haiphong', 'VN'),
    ('john123', 'pass123', 'John', 'Smith', 'john.smith@example.com', '+1234567890', '123 Main St', 'USA'),
    ('sarah89', 'sarah123', 'Sarah', 'Johnson', 'sarah.johnson@example.com', '+9876543210', '456 Elm St', 'USA'),
    ('david22', 'david456', 'David', 'Brown', 'david.brown@example.com', '+5555555555', '789 Oak Ave', 'Canada');

-- Inserting data into Status table
INSERT INTO Status (ID, Label)
VALUES
    (0, 'Pending'),
    (1, 'Transporting'),
    (2, 'Done');

-- Inserting data into Orders table
INSERT INTO Orders (Customer_ID, Order_Date, Required_Date, Ship_Address, Status_ID)
VALUES
    (1, '2024-02-10', '2024-02-15', '123 Main St, USA', 1),
    (2, '2024-02-11', '2024-02-16', '456 Elm St, USA', 2),
    (3, '2024-02-12', '2024-02-17', '789 Oak Ave, Canada', 1);

-- Inserting data into Detail table
INSERT INTO Detail (Order_ID, Item_ID, Unit_Prices, Quantity)
VALUES
    (1, 1, 500, 2),
    (1, 3, 20, 3),
    (2, 2, 1000, 1),
    (2, 4, 50, 2),
    (3, 5, 800, 1),
    (3, 7, 15, 4);

-- Inserting data into Payments table
INSERT INTO Payments (ID, Amount, Date, Order_ID)
VALUES
    (1, 1100, '2024-02-15', 1),
    (2, 110, '2024-02-15', 2),
    (3, 815, '2024-02-15', 3);

-- Inserting data into Cart table
INSERT INTO Cart (Customer_ID, Item_ID, Variant_Name, Quantity)
VALUES
    (0, 1, 'Black', 1),
    (0, 1, 'Blue', 2),
    (1, 2, 'Laptop', 3);

 -- Update roles
 update Customers set Role_ID = 2 where User_Name = 'admin'
